"","ID","Age","gender","sexori","Ethnicity","religion","religion_11_TEXT","urbanity","MovedCountries","SexEd","Degree","TightLoose_1","TightLoose_2","TightLoose_3","TightLoose_4","TightLoose_5","TightLoose_5R","TightLoose_6","BFI_1","BFI_2","BFI_3","BFI_4","BFI_5","BFI_6","BFI_7","BFI_8","BFI_9","BFI_10","BFI_11","BFI_12","BFI_13","BFI_14","BFI_15","BFI_16","BFI_17","BFI_18","BFI_19","BFI_20","BFI_21","BFI_22","BFI_23","BFI_24","BFI_25","BFI_26","BFI_27","BFI_28","BFI_29","BFI_30","BFI_1R","BFI_21R","BFI_26R","BFI_7R","BFI_17R","BFI_27R","BFI_3R","BFI_8R","BFI_28R","BFI_14R","BFI_19R","BFI_24R","BFI_10R","BFI_20R","BFI_30R","STIK_1","STIK_2","STIK_3","STIK_4","STIK_5","STIK_6","STIK_7","STIK_8","STIK_9","STIK_10","STIK_11","STIK_12","STIK_13","STIK_14","STIK_15","STIK_16","STIK_17","STIK_18","STIK_19","Stigma_Shame_1","Stigma_Shame_2","Stigma_Shame_3","Stigma_Shame_4","Stigma_Shame_5","Stigma_Shame_6","Stigma_Shame_7","Stigma_Shame_8","Stigma_Shame_9","Stigma_Shame_10","Stigma_Shame_11","Stigma_Shame_12","Stigma_Shame_13","Stigma_Shame_14","SSE_1","SSE_2","SSE_3","SSE_4","SSE_5","SSE_6","Comfort_1","Comfort_2","Comfort_3","Comfort_4","Comfort_5","Comfort_6","Comfort_7","Comfort_8","Comfort_9","SexGuilt_1","SexGuilt_2","SexGuilt_3","SexGuilt_4","SexGuilt_5","SexGuilt_6","SexGuilt_7","SexGuilt_8","SexGuilt_9","SexGuilt_10","MindsetScale","Extraversion","Agreeableness","Conscientiousness","NegativeEmotionality","OpenMindedness","STI_ShamePre","STI_StigmaPre","SSE_ScalePre","Comfort_ScalePre","SexGuilt_1R","SexGuilt_2R","SexGuilt_6R","SexGuilt_8R","SexGuilt_10R","Guilt_ScalePre"
"1","60fffd38fb394ffb6ce8e81b",22,"Female","Heterosexual","Any other Asian background","Hindu","","Urban environment","Yes","I did not receive a sex education course in primary or secondary school","Bachelors Degree",3,3,3,3,2,3,3,3,3,2,2,2,2,3,2,2,2,2,2,3,3,2,2,3,2,3,3,2,3,2,3,3,3,2,3,2,3,2,3,2,2,2,2,3,3,3,2,2,3,3,2,3,1,2,2,1,3,3,2,1,3,3,3,1,2,1,1,3,2,3,3,4,4,4,4,4,4,4,2,3,1,3,3,3,3,3,4,2,3,4,4,4,3,3,3,2,3,2,3,3,4,3,2,2,2,3,2,3,2,4,3,2.16666666666667,2.33333333333333,2.66666666666667,2.16666666666667,2.5,4,2.57142857142857,3.33333333333333,2.88888888888889,1,2,2,2,1,1.9
"2","604f5de0427e9f7aa5f54003",25,"Female","Asexual","White British","Agnostic","","Suburban environment","No","I did not receive a sex education course in primary or secondary school","GCSE",3,3,3,3,2,3,2,3,3,2,3,2,1,3,3,3,3,2,2,3,2,1,1,2,2,2,2,3,3,2,2,2,3,3,2,3,3,2,2,3,2,3,2,3,2,2,3,3,3,2,3,2,2,3,2,1,3,3,2,1,3,3,3,1,2,3,3,3,2,3,3,3,3,3,2,3,3,3,2,2,2,2,2,3,2,2,3,2,2,2,2,3,3,2,2,2,2,3,2,3,2,3,3,3,3,1,2,3,2,3,3,1.83333333333333,2.5,2.33333333333333,3,2,2.85714285714286,2.14285714285714,2.16666666666667,2.44444444444444,3,2,4,2,2,2.7
"3","6098336bddca68c548a216cc",19,"Male","Prefer not to say","White British","Agnostic","","Suburban environment","No","Comprehensive sex education","High School Diploma / A-levels",3,3,3,3,3,2,3,3,3,3,2,3,3,3,3,3,2,2,2,2,3,3,3,3,2,3,2,3,3,2,3,2,3,3,3,2,2,2,2,3,2,2,2,2,2,2,2,2,3,3,3,3,2,2,2,1,3,3,2,1,3,1,2,1,2,1,1,3,3,2,3,3,3,3,2,2,3,2,3,2,2,2,2,3,2,2,2,3,4,3,2,3,3,3,3,2,3,3,3,3,3,3,3,2,2,3,2,3,2,3,2.8,2.5,2.33333333333333,2,2.33333333333333,2.83333333333333,2.57142857142857,2.28571428571429,2.66666666666667,2.88888888888889,2,2,2,2,2,2.2
"4","60fd1eb55069bee2642599f3",21,"Female","Prefer not to say","Any other Asian background","Atheist","","Urban environment","Yes","Comprehensive sex education","High School Diploma / A-levels",3,3,2,3,2,3,3,4,3,3,4,4,1,3,4,4,2,2,2,2,1,3,2,3,3,1,2,4,3,3,1,4,3,3,4,4,1,1,1,1,2,2,2,2,1,2,4,4,2,3,3,1,2,2,2,1,1,1,3,1,1,1,2,3,3,1,3,2,2,2,3,3,3,3,3,3,2,2,2,1,1,2,1,3,1,4,4,3,4,4,4,3,3,2,2,2,2,2,3,3,4,4,3,2,3,3,2,3,1,3,2.8,1.33333333333333,2.33333333333333,2.16666666666667,3.66666666666667,3,2.71428571428571,1.57142857142857,3.83333333333333,2.44444444444444,1,1,2,2,2,2
"5","5c5d43a4044f100001a4a3b5",24,"Female","Heterosexual","Bangladeshi","Islamic","","Suburban environment","No","Comprehensive sex education","Bachelors Degree",3,4,3,3,3,2,3,4,3,3,3,3,3,2,4,3,2,3,3,3,3,3,3,2,3,2,3,3,4,3,3,3,3,3,2,2,1,1,2,2,3,3,2,2,1,2,2,3,2,3,2,3,3,2,3,1,2,3,2,1,3,1,3,1,2,1,2,3,3,3,2,3,4,4,3,4,4,3,2,3,1,3,3,3,2,3,3,3,3,3,4,1,2,2,2,2,2,1,2,2,2,2,4,3,4,2,2,2,3,3,3,2.33333333333333,3,2.33333333333333,2.5,2.83333333333333,3.57142857142857,2.42857142857143,3.16666666666667,1.77777777777778,3,3,3,3,2,2.9
"6","5ee6d5ce8e523a45fcda497a",20,"Male","Heterosexual","White British","Agnostic","","Urban environment","No","Comprehensive sex education","GCSE",4,4,3,2,3,2,3,1,4,1,4,3,4,3,3,3,3,2,3,4,1,4,4,1,4,1,4,1,4,4,3,4,2,2,3,3,4,4,4,1,2,4,3,4,2,3,4,4,1,2,1,2,2,2,2,1,3,3,2,1,3,3,2,1,2,1,2,1,2,2,2,2,4,1,1,3,3,1,4,1,1,1,1,1,1,3,4,3,3,4,4,3,4,4,2,3,2,4,3,3,4,3,3,1,1,4,2,3,2,3,3,3.16666666666667,3.33333333333333,3.5,3.16666666666667,2.66666666666667,2.14285714285714,1.42857142857143,3.5,3.11111111111111,1,2,1,2,2,1.8
"7","60e0b15dccbc6604238cac5e",20,"Female","Heterosexual","White British","Agnostic","","Suburban environment","No","Abstinence focused sex education","High School Diploma / A-levels",3,4,1,2,4,1,4,2,4,4,4,3,3,2,4,3,1,2,2,3,1,3,4,2,1,1,2,2,3,1,2,4,3,3,3,4,2,3,3,1,3,3,2,1,1,2,4,4,4,4,3,1,3,3,2,1,1,3,2,1,1,1,2,3,2,1,1,3,2,2,3,3,4,3,3,4,3,2,1,1,1,1,1,2,1,4,4,4,3,4,4,3,4,4,4,3,4,4,4,4,4,4,2,1,2,4,2,4,1,4,2.2,2.66666666666667,2.83333333333333,1.5,3.83333333333333,3,3.14285714285714,1.14285714285714,3.83333333333333,3.77777777777778,1,1,1,1,1,1.6
"8","60f740c8aa4b9c62a09e77ab",20,"Male","Asexual","White British","Atheist","","Urban environment","No","Comprehensive sex education","High School Diploma / A-levels",3,3,4,3,2,3,4,3,3,3,2,2,2,3,4,2,2,2,2,3,3,2,2,3,2,3,3,3,3,2,1,3,4,3,3,2,3,2,2,2,2,2,1,2,1,2,2,2,3,3,2,3,2,2,2,1,3,3,3,1,3,1,2,1,2,1,3,1,3,2,2,4,4,4,4,4,3,4,2,1,1,2,2,4,3,4,4,4,4,4,4,3,4,2,4,3,3,4,4,4,4,4,2,2,2,4,1,4,1,4,3.2,2,2.16666666666667,2,2.16666666666667,2.5,3.85714285714286,2.14285714285714,4,3.44444444444444,1,1,1,1,1,1.6
"9","6017f6742d7cc9ad4f98fb4d",21,"Male","Heterosexual","White European","Atheist","","Rural environment","Yes","Abstinence focused sex education","High School Diploma / A-levels",3,3,3,3,2,3,3,4,3,3,NA,4,2,2,3,2,2,3,3,3,3,2,2,2,2,2,2,4,4,2,2,3,3,2,3,2,2,1,1,2,3,3,2,2,2,3,2,3,3,3,3,3,2,2,2,1,3,1,1,1,3,1,2,3,3,1,1,3,2,2,3,2,3,2,3,3,3,2,2,2,2,2,2,3,3,3,3,2,1,1,3,3,2,3,3,3,3,3,3,3,3,3,3,3,3,3,2,3,2,3,3,1.83333333333333,3,2.33333333333333,2.4,3,2.57142857142857,2.28571428571429,2.16666666666667,2.88888888888889,2,2,2,2,2,2.4
"10","615a467c27de6e4429303e72",21,"Male","Pansexual","White European","Agnostic","","Suburban environment","Yes","Abstinence focused sex education","Bachelors Degree",2,3,1,1,4,1,3,2,4,4,4,4,4,3,4,3,1,2,4,3,2,3,4,3,1,2,1,3,3,3,3,4,2,3,4,3,1,3,2,1,2,2,3,1,1,2,3,3,2,4,4,2,2,2,1,1,3,1,2,1,3,1,2,1,2,1,1,1,2,2,2,3,4,3,3,4,3,3,1,1,1,1,1,3,1,4,4,4,4,4,4,4,3,4,4,3,4,4,4,4,3,4,1,2,2,4,1,3,1,4,1.6,2.66666666666667,3,1.83333333333333,3,3.5,3.28571428571429,1.28571428571429,4,3.77777777777778,2,1,1,2,1,1.5
"11","60b7bdf3754d03b430108e5f",19,"Female","Heterosexual","White British","#NULL!","","Suburban environment","Yes","Comprehensive sex education","High School Diploma / A-levels",4,4,4,4,2,3,3,2,3,4,4,3,3,2,3,2,1,3,3,4,2,2,3,1,2,1,3,3,3,1,3,3,2,3,3,3,2,3,2,2,3,4,3,1,2,2,3,4,4,4,2,2,1,2,2,1,1,2,2,1,1,1,2,1,2,1,1,2,2,2,2,2,4,2,3,3,4,2,1,1,1,1,1,2,1,4,4,4,4,4,4,4,4,4,4,4,4,4,4,4,3,4,2,3,2,3,2,4,1,4,3.8,2.66666666666667,3.16666666666667,2,3.33333333333333,2.66666666666667,2.85714285714286,1.14285714285714,4,4,2,1,2,1,1,2
"12","60d4a038a6631d55c358e673",21,"Male","Heterosexual","Any other Asian background","Hindu","","Urban environment","Yes","Comprehensive sex education","High School Diploma / A-levels",3,3,3,3,1,4,4,4,3,3,3,4,3,2,4,3,2,3,3,3,2,3,3,2,2,2,2,2,4,3,2,4,3,2,3,3,2,1,3,1,3,3,2,2,1,3,3,3,2,3,3,2,2,2,2,1,3,1,2,1,3,1,2,1,2,1,2,3,2,2,3,3,4,3,3,3,3,3,4,2,2,2,2,3,1,3,3,2,2,3,4,3,2,2,3,3,3,3,2,3,4,3,2,2,1,3,3,4,2,4,3.2,2.33333333333333,3,2.33333333333333,2.83333333333333,3.16666666666667,3.14285714285714,2.28571428571429,2.83333333333333,2.66666666666667,1,2,2,1,1,2
"13","605371c1df2f273f36a04edd",20,"Female","Heterosexual","African","Christian","","Urban environment","Yes","Comprehensive sex education","High School Diploma / A-levels",3,2,2,2,3,2,3,2,3,4,4,4,1,4,4,3,2,2,3,3,3,3,4,2,3,2,3,3,3,3,1,4,4,2,3,4,4,3,2,1,1,3,1,1,1,3,2,3,2,3,2,1,3,2,2,1,3,3,2,1,3,3,2,3,2,1,3,3,3,2,2,4,4,4,4,4,4,4,4,4,4,4,4,4,4,4,4,4,4,4,4,2,3,2,2,2,3,3,3,3,3,1,4,4,4,3,4,1,4,4,2.2,2.16666666666667,2.33333333333333,2.33333333333333,3,2.83333333333333,4,4,4,2.55555555555556,2,4,2,4,1,3
"14","628fc75b2561940f60f57b37",20,"Male","Heterosexual","African","Atheist","","Suburban environment","Yes","Comprehensive sex education","High School Diploma / A-levels",3,3,3,3,2,3,3,2,4,1,2,3,3,1,2,1,1,3,3,3,3,3,3,1,4,3,2,2,4,3,3,3,2,3,1,2,2,3,3,2,4,4,3,4,3,2,2,2,2,4,3,3,2,2,2,1,3,1,2,1,3,1,2,1,2,1,1,3,2,3,2,3,3,4,3,3,4,4,2,2,2,2,3,3,3,3,3,3,4,3,2,3,3,4,3,3,4,3,3,3,3,3,3,2,4,3,2,3,2,4,3,2.83333333333333,3.66666666666667,3.16666666666667,1.83333333333333,3.16666666666667,3.42857142857143,2.42857142857143,3,3.22222222222222,2,2,2,2,1,2.3
"15","5f316f0da83a0b01320e9be3",22,"Male","Heterosexual","White British","Agnostic","","Suburban environment","No","Comprehensive sex education","Masters Degree",4,3,3,3,4,1,4,2,4,4,4,3,4,3,4,4,1,3,4,3,3,4,4,3,2,1,2,1,3,4,4,4,1,3,1,2,1,3,4,1,2,2,4,1,1,2,2,4,1,4,3,3,2,2,2,1,3,1,2,1,3,1,2,3,2,1,1,1,2,2,3,4,4,4,4,4,4,4,1,2,2,1,3,3,2,2,4,3,4,4,4,4,4,4,4,4,4,3,3,4,4,4,2,2,3,4,2,4,1,3,2.8,3.16666666666667,3.16666666666667,2.16666666666667,2.83333333333333,3.5,4,2,3.5,3.77777777777778,1,1,1,1,2,1.9
"16","5f2abc978a626e361ee3c952",NA,"Female","Heterosexual","White British","Atheist","","Suburban environment","Yes","Comprehensive sex education","Bachelors Degree",3,3,3,3,3,2,4,4,3,2,4,3,1,3,2,2,2,2,1,3,2,3,2,3,4,2,4,3,3,3,3,2,1,3,3,3,1,1,2,3,2,2,4,3,3,2,3,3,2,3,1,2,1,2,2,1,3,3,2,1,3,3,2,3,2,1,2,3,2,2,3,1,4,3,1,3,1,2,3,1,2,2,1,3,2,4,4,3,4,4,4,2,3,3,2,3,3,3,2,3,3,3,4,1,3,4,1,3,1,3,2.8,1.83333333333333,2.5,3,2.83333333333333,2.33333333333333,2.14285714285714,2,3.83333333333333,2.66666666666667,2,2,1,2,2,2
"17","60c123f2eecc2173977b6a1e",20,"Male","Homosexual","White British","Atheist","","Suburban environment","No","Comprehensive sex education","Bachelors Degree",3,3,4,3,3,2,3,3,3,2,1,1,2,2,3,2,3,2,4,4,3,3,2,2,3,3,2,3,4,3,3,3,4,2,4,3,2,2,2,2,3,3,1,3,2,3,2,2,2,2,3,2,3,2,2,1,1,1,3,1,1,1,2,1,2,1,1,1,2,2,2,2,3,4,2,3,2,2,2,1,2,3,2,3,2,2,4,3,3,3,2,3,2,3,2,2,3,3,2,3,4,4,2,2,3,4,2,4,1,4,3,2,3,3,2,2.33333333333333,2.57142857142857,2.14285714285714,2.83333333333333,2.55555555555556,1,1,1,1,1,1.8
"18","5b58e0c587d34d00010288d7",22,"Female","Homosexual","White British","Atheist","","Suburban environment","No","Comprehensive sex education","Bachelors Degree",3,3,3,3,2,3,4,3,3,2,4,3,3,2,3,4,2,2,1,3,3,2,1,2,2,1,2,2,4,3,2,3,2,3,2,2,2,2,3,2,3,3,3,3,2,2,2,4,2,3,3,3,2,2,2,1,1,3,2,1,1,1,3,1,2,1,1,3,2,2,2,4,4,4,3,3,4,4,2,2,1,2,2,2,2,4,4,4,4,4,4,3,3,3,3,2,3,3,2,3,3,3,3,2,3,3,2,3,1,3,3,2.16666666666667,2.83333333333333,2.5,3,2.83333333333333,3.71428571428571,1.85714285714286,4,2.77777777777778,2,2,2,2,2,2.2
"19","606f7c477740aa708877c818",19,"Female","Heterosexual","White and Asian","Atheist","","Suburban environment","No","Comprehensive sex education","High School Diploma / A-levels",3,2,3,3,3,2,3,3,2,4,3,3,2,3,4,3,2,2,2,2,2,3,3,3,1,2,3,3,3,2,2,3,2,3,3,3,2,2,2,2,2,2,3,1,1,2,3,3,3,3,2,2,2,2,2,1,1,3,2,1,1,1,2,1,2,1,1,3,2,2,3,3,3,4,3,3,3,3,2,2,2,3,2,3,2,4,4,3,3,3,2,4,2,3,3,2,3,3,3,3,3,4,2,2,2,3,2,3,1,4,2.6,2.16666666666667,2.33333333333333,1.5,3,2.66666666666667,3.14285714285714,2.28571428571429,3.16666666666667,2.88888888888889,2,1,2,2,1,1.8
"20","6114f85b9916acbb4122f30b",24,"Male","Heterosexual","White British","Atheist","","Urban environment","Yes","Comprehensive sex education","Masters Degree",4,4,4,4,3,2,4,4,3,2,4,4,2,3,4,4,3,3,2,2,4,4,3,3,3,2,1,3,3,3,2,4,1,3,3,1,1,1,2,1,2,2,4,3,1,2,1,3,2,2,4,4,2,2,2,1,3,1,2,1,3,1,2,1,2,1,1,3,2,2,2,3,4,3,2,4,2,3,2,1,1,2,2,3,2,4,4,3,3,3,4,4,2,2,3,3,2,3,3,3,4,4,2,1,3,3,2,3,1,4,3.6,2,2.66666666666667,2.33333333333333,2.5,3.66666666666667,3,1.85714285714286,3.5,2.77777777777778,1,1,2,2,1,1.7
"21","606dc9d8b666d8ce1dc6167b",25,"Female","Heterosexual","White British","Agnostic","","Suburban environment","No","Comprehensive sex education","Bachelors Degree",4,4,3,4,2,3,4,3,4,1,4,2,2,1,2,2,2,3,3,3,2,2,3,1,3,2,2,3,4,3,3,3,2,2,2,2,2,2,2,2,4,4,3,4,3,3,3,3,2,3,3,3,2,3,2,1,1,3,2,1,1,1,2,1,2,1,3,3,2,3,3,3,3,4,2,3,4,3,2,1,1,1,1,2,1,4,4,4,4,4,4,2,2,2,3,2,3,3,3,3,3,4,3,2,2,3,2,3,1,3,3.6,2.33333333333333,3.66666666666667,3.16666666666667,2.66666666666667,2.66666666666667,3.14285714285714,1.28571428571429,4,2.55555555555556,2,1,2,2,2,2
"22","5f885425b61b8e2df8459441",19,"Female","Heterosexual","White British","Agnostic","","Suburban environment","Yes","Comprehensive sex education","High School Diploma / A-levels",3,3,2,3,2,3,3,4,4,2,4,3,1,3,3,3,2,2,2,2,2,2,1,3,4,2,2,3,4,3,2,3,2,4,3,4,2,1,2,2,2,2,3,3,2,1,3,3,2,3,3,1,2,2,2,1,1,3,2,1,1,1,2,1,2,1,3,3,1,2,3,3,4,4,3,4,3,3,3,1,1,1,1,1,1,3,4,3,3,2,2,3,3,3,3,2,4,4,4,4,4,4,2,2,2,3,2,3,1,4,2.8,1.5,2.83333333333333,2.5,3.16666666666667,2.5,3.42857142857143,1.28571428571429,2.83333333333333,3.33333333333333,1,1,2,2,1,1.7
"23","5cf43f9c83416100197cf4a9",21,"Female","Heterosexual","White European","Agnostic","","Suburban environment","Yes","I did not receive a sex education course in primary or secondary school","High School Diploma / A-levels",3,3,3,4,2,3,3,4,4,1,3,4,2,3,3,3,1,2,3,4,2,3,3,2,3,2,4,3,4,4,3,4,3,2,2,3,2,1,2,1,2,3,2,4,2,3,3,3,1,4,1,2,2,3,2,1,3,2,2,1,3,1,3,3,2,1,1,3,2,2,2,3,4,3,2,4,3,2,2,2,1,1,2,3,1,4,4,4,4,4,4,2,3,4,3,4,4,4,4,3,4,4,3,2,2,4,1,4,1,4,3.2,1.83333333333333,3,3.33333333333333,2.66666666666667,3,3,1.71428571428571,4,3.44444444444444,1,1,1,1,1,1.7
"24","5ea05e718c96a9018b854508",22,"Male","Heterosexual","White British","#NULL!","","Suburban environment","No","Comprehensive sex education","Bachelors Degree",3,4,3,2,3,2,3,2,3,1,3,4,3,2,2,2,1,3,3,3,2,3,4,2,3,3,1,2,4,4,3,3,1,2,3,3,1,3,3,2,3,3,4,4,3,3,3,2,1,4,4,2,1,2,2,1,1,1,2,1,1,3,2,1,2,1,1,3,2,2,3,3,4,3,3,4,3,2,2,2,1,2,2,3,2,3,4,4,3,4,4,2,3,3,3,2,3,3,3,2,3,3,2,3,4,3,3,3,1,3,2.8,3,3.33333333333333,3.33333333333333,2.33333333333333,3.33333333333333,3.14285714285714,2,3.66666666666667,2.66666666666667,2,2,2,2,2,2.4
"25","62d7b9d62e6029f4499dd649",NA,"Male","Bisexual","White British","Atheist","","Suburban environment","Yes","Comprehensive sex education","High School Diploma / A-levels",2,3,3,2,3,2,3,3,3,4,4,4,2,2,4,4,1,2,3,2,2,2,3,1,1,3,1,3,3,3,3,3,3,2,3,2,2,2,2,2,3,4,2,1,1,3,3,2,2,4,4,3,2,2,2,1,1,1,2,1,1,1,2,1,2,1,3,1,2,2,2,3,4,3,3,3,3,2,1,1,1,2,2,3,1,4,4,4,4,4,4,4,3,3,3,3,4,4,3,3,4,4,2,2,3,3,2,4,1,4,2.4,2.16666666666667,3,1.83333333333333,2.83333333333333,3.33333333333333,3,1.57142857142857,4,3.33333333333333,1,1,2,1,1,1.9
"26","605264d8d281cded92f08d9a",19,"Male","Heterosexual","White British","Agnostic","","Suburban environment","Yes","Comprehensive sex education","High School Diploma / A-levels",3,4,3,3,3,2,3,4,3,3,3,2,1,3,4,2,3,2,2,3,3,2,1,3,2,3,3,3,3,4,3,4,3,4,3,2,3,1,2,1,2,2,2,2,1,1,2,2,1,2,2,3,3,2,2,1,3,1,3,1,3,1,2,1,2,1,1,3,2,2,3,1,4,3,1,3,1,3,1,2,1,1,2,3,1,4,4,2,3,4,4,2,3,1,2,3,2,2,3,2,1,4,3,2,2,1,3,3,1,3,3,1.33333333333333,2.33333333333333,2.16666666666667,2,2.5,2.28571428571429,1.57142857142857,3.5,2.22222222222222,4,1,4,2,2,2.5
"27","5d91307d57e440001a07ad75",20,"Male","Heterosexual","Indian","Sikh","","Suburban environment","No","Comprehensive sex education","Bachelors Degree",2,3,3,3,2,3,2,4,2,2,3,2,3,3,2,3,2,2,3,3,3,3,1,3,3,3,2,3,3,4,3,4,2,3,2,2,2,1,2,1,2,2,3,3,3,2,2,2,1,3,3,3,2,3,2,1,3,3,2,1,3,3,2,3,2,1,3,1,2,2,2,3,3,3,3,3,3,3,3,2,2,2,3,3,2,3,3,3,4,3,3,3,2,2,3,3,3,3,3,3,3,3,2,3,2,3,3,3,2,4,2.8,1.66666666666667,2.5,3,2.16666666666667,3,3,2.42857142857143,3.16666666666667,2.77777777777778,2,2,2,2,1,2.2
"28","60db427d3cc26627c971b16c",20,"Female","Bisexual","White and Asian","Atheist","","Suburban environment","No","Comprehensive sex education","Bachelors Degree",3,3,3,4,2,3,3,3,3,1,3,3,4,3,1,2,3,2,2,4,3,3,2,2,4,2,3,2,3,4,4,3,2,3,2,2,2,2,3,2,2,3,3,4,4,2,2,3,1,2,2,3,2,2,2,1,1,1,2,1,1,1,2,1,2,1,2,1,2,2,1,2,3,2,3,3,2,2,2,1,1,1,1,1,1,4,4,4,4,4,4,2,3,3,3,3,3,4,3,3,3,4,2,2,3,3,2,3,2,3,3.2,2.5,2.66666666666667,3.66666666666667,2.16666666666667,2.66666666666667,2.42857142857143,1.14285714285714,4,3,2,1,2,2,2,2.1
"29","5cf53fd41e39d900017f4400",22,"Female","Prefer not to say","White Irish","Agnostic","","Rural environment","Yes","Abstinence focused sex education","Bachelors Degree",3,3,3,3,3,2,3,3,2,3,4,3,1,3,4,4,2,2,2,2,2,2,3,2,1,2,2,4,3,2,1,4,3,3,4,3,3,2,1,1,2,3,2,2,1,2,3,3,3,3,3,2,3,2,2,1,1,1,2,1,1,1,2,1,3,1,2,3,2,2,2,3,4,4,3,4,3,3,2,2,1,3,3,3,3,3,2,3,4,3,3,3,2,3,3,1,3,3,2,3,4,4,3,3,3,2,3,3,1,3,2.8,1.66666666666667,2.33333333333333,1.66666666666667,3.33333333333333,2.83333333333333,3.42857142857143,2.42857142857143,3,2.55555555555556,1,1,3,2,2,2.3
"30","61263ceef6f03eba7ba1db38",25,"Female","Heterosexual","White British","Atheist","","Rural environment","No","Comprehensive sex education","Masters Degree",4,4,4,3,3,2,3,2,2,2,2,3,2,3,3,2,2,2,2,4,4,3,3,3,3,3,3,3,NA,3,3,4,2,3,3,2,2,3,2,1,2,2,3,3,2,2,1,2,2,3,2,3,2,2,2,1,1,1,2,1,1,1,2,1,2,1,1,3,2,2,2,2,3,2,2,2,2,2,2,1,1,2,2,3,2,4,3,4,4,3,4,3,3,3,3,3,2,4,4,4,3,4,3,2,3,3,2,4,1,4,3.4,2.16666666666667,2.2,2.83333333333333,1.83333333333333,3,2.14285714285714,1.85714285714286,3.66666666666667,3.22222222222222,2,1,2,1,1,2.1
"31","608db1ddbd58db5cdad628af",19,"Male","Bisexual","White British","Atheist","","Urban environment","No","I did not receive a sex education course in primary or secondary school","GCSE",2,3,3,3,3,2,3,2,2,3,3,3,3,2,3,2,2,3,2,3,3,3,3,3,2,2,3,3,4,2,2,3,3,3,3,2,3,3,2,2,3,2,2,2,2,2,2,3,3,3,2,3,1,2,2,1,3,1,2,2,2,1,2,1,2,1,1,3,2,2,3,3,3,3,2,3,3,3,1,2,1,2,3,3,3,4,4,4,4,4,4,4,4,3,3,3,3,4,4,4,3,4,3,2,4,3,2,3,1,3,2.6,2.66666666666667,2.5,2.16666666666667,2.5,2.83333333333333,2.85714285714286,2.14285714285714,4,3.55555555555556,2,1,2,2,2,2.2
"32","5c3755a4a5daf50001166b8b",23,"Male","Heterosexual","White British","Agnostic","","Urban environment","No","Comprehensive sex education","Bachelors Degree",3,3,2,3,3,2,3,3,2,3,3,3,3,3,3,3,2,2,2,2,2,3,2,3,3,3,2,3,3,2,3,4,3,3,3,4,2,2,2,1,2,2,2,2,2,2,3,2,3,3,3,1,2,2,2,1,3,2,2,2,3,1,2,3,2,1,1,3,2,2,3,3,4,3,3,4,4,3,1,2,2,2,2,2,1,3,3,3,4,3,1,4,2,3,3,2,4,4,3,3,4,3,2,1,3,4,3,3,1,4,2.6,2,2.16666666666667,2.16666666666667,3,2.83333333333333,3.42857142857143,1.71428571428571,2.83333333333333,3.11111111111111,1,2,1,2,1,1.8
"33","5dc983b9902a986ae3ac3edc",24,"Female","Heterosexual","Bangladeshi","Islamic","","Urban environment","Yes","Comprehensive sex education","High School Diploma / A-levels",2,3,3,3,2,3,3,3,3,4,3,2,1,3,4,3,2,2,3,3,2,3,3,3,2,2,3,2,3,3,3,3,3,2,3,3,2,2,3,2,2,2,2,1,1,3,3,3,2,3,2,2,3,2,1,1,1,3,3,1,1,1,2,3,2,1,3,3,2,3,3,4,4,4,4,4,4,4,3,3,3,2,3,3,3,4,4,4,4,4,4,3,2,2,2,1,2,3,2,2,2,1,2,4,3,2,3,1,4,2,2.8,2.16666666666667,2.5,2.16666666666667,2.83333333333333,2.5,4,2.85714285714286,4,2.11111111111111,3,4,3,4,3,3
"34","5ede3fcf6b821907836e01fc",21,"Male","Homosexual","White British","Atheist","","Suburban environment","No","Comprehensive sex education","Bachelors Degree",3,3,3,3,2,3,3,3,3,4,3,4,3,3,4,3,2,2,3,3,3,3,3,2,2,3,2,2,3,2,2,3,3,2,2,2,2,2,3,2,2,3,2,1,1,3,2,2,3,3,3,3,2,2,2,1,1,3,2,1,1,1,2,1,2,1,1,1,2,2,2,2,3,2,2,2,3,2,2,1,1,1,2,2,1,4,4,3,4,4,3,3,4,3,3,4,3,4,4,4,3,3,2,2,2,3,2,3,2,4,3,2.5,2.66666666666667,2,2.5,3.16666666666667,2.28571428571429,1.42857142857143,3.66666666666667,3.55555555555556,2,2,2,2,1,2
"35","62aca272d3567b4b0e575647",24,"Male","Bisexual","White British","Atheist","","Urban environment","Yes","Comprehensive sex education","GCSE",4,4,3,2,3,2,3,1,3,3,3,1,3,3,4,2,3,3,2,3,2,2,3,2,2,2,1,2,3,2,3,3,2,3,3,3,3,4,3,2,2,3,3,2,1,2,3,3,3,2,4,2,2,2,2,1,2,2,2,1,1,1,2,1,2,1,1,1,2,2,2,3,4,4,2,4,4,3,1,1,1,2,1,3,2,4,4,4,4,4,4,4,3,3,3,3,3,4,3,3,4,4,1,3,2,4,1,4,1,4,3,3,2.66666666666667,2,2.83333333333333,2.33333333333333,3.42857142857143,1.57142857142857,4,3.22222222222222,1,1,1,1,1,1.6
"36","5f131bd4d2d19d031cbc7930",24,"Female","Heterosexual","White and Black African","Atheist","","Suburban environment","No","I did not receive a sex education course in primary or secondary school","Masters Degree",3,3,3,3,2,3,3,2,3,1,2,2,2,1,1,1,1,3,3,3,3,2,3,2,4,2,1,3,4,4,3,2,1,1,2,2,3,3,2,3,4,3,4,4,4,4,2,3,1,4,4,3,2,2,2,1,1,2,2,1,1,1,2,1,2,1,2,1,2,2,2,1,3,1,2,2,3,1,1,1,1,1,1,1,1,4,4,4,4,4,4,4,3,4,4,3,3,4,3,3,4,4,3,2,2,4,1,3,1,4,3,2.66666666666667,3.5,3.83333333333333,1.83333333333333,2.83333333333333,1.85714285714286,1,4,3.44444444444444,1,1,1,2,1,1.6
"37","6147a56ede21f199226e8b7a",24,"Male","Heterosexual","White British","Christian","","Urban environment","No","Comprehensive sex education","High School Diploma / A-levels",4,4,4,3,2,3,4,3,4,2,4,2,4,3,2,3,2,3,3,4,3,3,3,1,3,3,2,1,4,3,3,3,1,2,2,3,2,2,4,2,2,4,4,3,3,3,2,2,2,3,3,2,2,2,2,1,1,3,2,1,1,1,2,3,2,1,3,3,2,2,3,2,3,2,3,3,3,2,2,1,2,1,1,2,1,4,4,4,4,4,4,2,3,3,3,3,3,4,3,3,4,3,2,3,3,4,2,3,1,4,3.6,3,3.5,3.16666666666667,2.66666666666667,2.66666666666667,2.57142857142857,1.42857142857143,4,3,1,2,1,2,1,1.9
"38","60f6f26526b89e4fa8540e9e",23,"Female","Heterosexual","Indian","Catholic","","Urban environment","No","Abstinence focused sex education","Masters Degree",3,4,3,4,3,2,2,4,3,3,2,3,2,2,3,2,3,3,3,3,3,2,3,3,3,3,3,3,3,2,3,2,3,2,3,2,3,1,2,3,3,2,2,2,2,3,2,2,3,2,2,3,2,2,2,1,1,1,2,1,1,1,2,1,2,1,2,3,2,2,2,3,4,4,3,4,4,3,2,1,1,2,2,4,1,4,4,4,4,4,4,3,3,3,3,3,4,3,3,3,3,2,2,3,2,3,3,3,3,3,3.2,2.33333333333333,2.66666666666667,2.5,2.16666666666667,2.33333333333333,3.57142857142857,1.85714285714286,4,3.11111111111111,2,3,2,2,2,2.5
"39","5b94963400e06e0001bf7856",23,"Male","Heterosexual","White British","Atheist","","Suburban environment","No","Comprehensive sex education","Bachelors Degree",3,3,4,2,3,2,3,3,4,4,2,3,3,1,4,4,2,2,3,3,4,3,4,3,2,3,4,2,4,2,3,3,4,2,3,2,4,2,3,2,4,2,1,1,1,3,1,2,3,3,1,3,2,2,2,1,1,1,2,1,1,1,2,1,2,1,1,1,2,2,2,1,1,1,1,2,3,1,1,1,1,1,1,1,1,4,3,3,4,3,3,4,4,4,4,4,3,4,3,3,4,4,2,1,3,3,2,3,1,4,2.8,2.66666666666667,3,2,2.33333333333333,2.66666666666667,1.42857142857143,1,3.33333333333333,3.66666666666667,1,1,2,2,1,1.7
"40","5dee3133cd947f4cd0669c88",23,"Female","Heterosexual","White British","Christian","","Urban environment","No","Comprehensive sex education","Bachelors Degree",3,4,3,2,3,2,3,3,4,3,4,4,1,2,4,4,2,2,3,3,2,3,3,2,3,2,1,4,4,2,3,4,2,2,3,3,2,2,1,1,3,3,3,2,1,3,3,3,3,3,4,2,1,3,2,1,1,3,3,1,3,2,2,1,2,1,2,3,2,3,3,3,4,3,3,3,3,3,2,2,2,2,2,3,2,2,2,3,3,3,2,3,2,3,2,2,2,4,3,3,3,4,2,1,1,3,2,3,1,4,2.8,1.66666666666667,3.33333333333333,2.33333333333333,3.33333333333333,3.33333333333333,3.14285714285714,2.14285714285714,2.5,2.66666666666667,2,1,2,2,1,1.6
"41","60fd0ec7929edc5216631a1c",20,"Female","Heterosexual","White and Asian","Other","","Urban environment","Yes","Comprehensive sex education","High School Diploma / A-levels",3,3,3,3,2,3,3,3,3,3,2,3,2,2,3,2,2,3,3,3,2,3,3,2,2,3,2,3,3,3,3,3,2,2,2,3,2,2,2,2,3,3,3,2,2,3,3,2,2,3,3,2,3,3,2,1,1,3,2,1,1,1,2,3,3,1,3,3,2,2,2,3,3,3,3,3,3,3,2,2,2,2,2,2,2,4,4,4,4,4,4,3,2,3,3,2,3,3,3,3,3,3,3,3,3,3,3,3,2,3,3,2.33333333333333,3,2.5,2.33333333333333,2.83333333333333,3,2,4,2.77777777777778,2,2,2,2,2,2.5
"42","5ed7a0239e6b4a23ec6eb236",21,"Male","Homosexual","White British","Christian","","Suburban environment","No","I did not receive a sex education course in primary or secondary school","Bachelors Degree",3,2,2,2,3,2,3,2,3,2,4,2,3,2,2,3,3,3,3,4,2,1,4,2,3,2,4,2,3,3,3,4,2,3,3,3,3,3,3,1,3,3,3,3,3,2,3,3,2,2,1,2,1,2,2,1,1,1,2,1,1,1,2,1,2,1,1,1,2,2,2,3,3,3,3,3,3,2,2,2,2,3,2,3,1,4,4,4,4,4,4,4,4,2,2,2,2,4,3,3,4,4,3,3,3,3,2,3,1,4,2.2,2.83333333333333,3,3,3,2,2.85714285714286,2.14285714285714,4,2.88888888888889,1,1,2,2,1,2
"43","5b59e2dff5bc59000117440c",19,"Female","Bisexual","White British","Agnostic","","Suburban environment","No","Comprehensive sex education","High School Diploma / A-levels",3,3,3,3,2,3,3,3,3,3,3,4,3,3,3,3,2,2,2,2,2,3,2,2,2,2,2,2,3,2,2,3,3,3,3,4,2,2,3,2,2,3,2,2,2,2,3,3,3,3,3,1,2,2,2,1,1,1,2,1,1,1,2,1,2,1,1,1,2,2,2,1,3,2,2,3,3,2,2,1,1,1,1,2,1,4,4,4,4,4,4,4,4,4,4,3,3,4,3,3,3,4,2,1,2,4,2,4,1,4,3,2.33333333333333,2.5,2,3.16666666666667,2.83333333333333,2.28571428571429,1.28571428571429,4,3.55555555555556,2,1,1,1,1,1.7
"44","5ea79ceb30fe1e18b2762c6d",20,"Male","Heterosexual","African","Christian","","Urban environment","No","Comprehensive sex education","High School Diploma / A-levels",3,3,3,3,2,3,3,3,2,3,3,3,2,2,3,3,2,2,2,2,2,2,2,2,3,2,2,2,2,3,3,2,2,2,2,2,2,2,3,3,3,3,3,2,2,3,3,3,2,3,3,3,2,2,2,1,1,3,2,1,1,1,2,1,2,1,1,3,2,2,2,3,3,3,2,4,3,2,2,2,2,2,2,3,3,3,3,3,3,3,3,3,2,3,3,3,2,3,3,3,4,4,3,2,2,2,2,3,2,3,3,2.33333333333333,2.5,2.5,2.66666666666667,2.66666666666667,2.85714285714286,2.28571428571429,3,2.77777777777778,1,1,3,2,2,2.1
"45","5f0f44ccf585170d7b14c030",25,"Female","Heterosexual","White and Asian","Atheist","","Suburban environment","No","Comprehensive sex education","Masters Degree",3,3,3,3,3,2,4,2,4,2,4,3,3,2,4,4,2,2,2,3,1,3,3,1,2,2,2,2,3,4,2,3,3,2,3,4,1,3,3,2,3,4,2,3,1,3,4,3,1,3,3,1,1,2,2,1,1,3,2,1,1,1,1,1,2,1,1,3,2,2,3,3,3,4,2,3,4,2,1,1,1,2,2,3,1,4,4,4,4,3,4,4,4,4,4,4,3,4,4,3,4,4,1,1,2,4,1,2,1,4,2.8,2.66666666666667,3,2.66666666666667,3.33333333333333,2.66666666666667,3,1.57142857142857,3.83333333333333,3.77777777777778,1,1,1,3,1,1.2
"46","5f4024f6ea5204135f6d7a42",NA,"Female","Heterosexual","White British","Atheist","","Suburban environment","No","Comprehensive sex education","High School Diploma / A-levels",3,3,3,3,2,3,3,4,3,2,4,3,2,3,3,3,3,2,2,3,2,2,2,3,3,2,3,4,3,3,2,3,3,3,3,3,4,1,1,2,2,2,2,3,2,2,3,3,2,2,2,2,2,2,2,1,3,2,2,1,3,1,3,1,2,1,1,3,2,2,2,3,4,4,4,4,4,3,1,2,1,2,2,3,2,3,3,3,4,3,4,3,3,3,2,2,2,3,2,3,3,3,3,3,2,3,2,3,1,3,3,1.66666666666667,2.33333333333333,2.66666666666667,3,2.33333333333333,3.71428571428571,1.85714285714286,3.33333333333333,2.55555555555556,2,2,2,2,2,2.2
"47","5f6457fcfcd3231da967ce0c",23,"Male","Prefer not to say","White British","Christian","","Suburban environment","No","Comprehensive sex education","High School Diploma / A-levels",3,3,2,4,2,3,3,4,3,3,4,3,2,2,3,4,2,2,3,3,1,2,2,2,2,2,2,2,3,2,2,3,4,2,3,3,3,1,3,2,3,3,1,2,2,3,4,3,3,3,3,2,3,2,2,1,1,1,3,1,1,1,2,3,2,1,3,1,2,3,2,3,4,4,2,3,2,2,2,2,2,3,3,3,2,3,3,3,3,3,2,4,3,3,3,3,3,4,3,3,3,3,3,2,2,2,3,3,2,3,3,2,2.66666666666667,2.33333333333333,3.5,2.66666666666667,2.85714285714286,2.42857142857143,2.83333333333333,3.22222222222222,2,2,3,2,2,2.4
"48","5acb4bac9534ba0001c780aa",25,"Female","Heterosexual","White British","Agnostic","","Suburban environment","No","Abstinence focused sex education","Vocational / Trade School (NVQ)",4,2,2,2,3,2,3,1,3,2,3,4,3,3,3,3,2,3,2,2,2,3,4,3,4,2,1,3,3,2,2,3,3,3,3,3,1,4,2,2,2,2,2,3,2,2,3,3,3,3,4,2,2,2,2,1,1,3,2,1,1,1,2,1,2,1,3,3,2,2,1,3,4,3,3,4,4,3,2,2,1,3,2,3,2,4,4,3,3,4,4,4,4,4,3,4,4,4,4,4,4,4,2,1,1,4,1,4,1,4,2.4,3,2.33333333333333,2.5,3,3.16666666666667,3.42857142857143,2.14285714285714,3.66666666666667,3.88888888888889,1,1,1,1,1,1.4
"49","5d575f44182f9f001900a380",22,"Female","Heterosexual","Bangladeshi","Islamic","","Urban environment","No","Abstinence focused sex education","Bachelors Degree",3,3,3,3,1,4,3,4,4,2,4,4,1,1,4,4,1,3,4,4,1,3,2,2,4,2,1,4,4,3,1,4,2,1,1,3,1,1,1,1,4,3,3,3,1,4,4,3,2,4,4,2,1,2,2,1,3,3,2,1,3,1,1,3,2,1,3,1,2,2,2,4,4,4,4,4,4,4,2,3,1,2,2,4,3,4,4,4,3,4,4,4,1,3,2,2,2,3,2,3,3,1,2,3,2,3,2,1,4,4,3.2,1.5,3.66666666666667,3.16666666666667,3.33333333333333,3.5,4,2.42857142857143,3.83333333333333,2.44444444444444,2,4,2,4,1,2.3
"50","5e682f7b30914f0ed798df97",25,"Female","Heterosexual","Indian","Hindu","","Suburban environment","No","Comprehensive sex education","Bachelors Degree",2,3,2,2,3,2,3,1,4,3,3,4,3,2,3,2,3,4,4,4,2,4,4,1,3,2,4,2,4,4,4,4,1,2,2,2,1,4,3,1,3,4,4,2,2,3,3,3,1,2,1,3,1,1,2,1,1,1,2,1,3,2,2,1,2,1,1,1,2,2,2,1,3,1,1,1,1,1,1,1,1,1,1,1,1,4,4,4,4,3,3,3,4,4,3,4,4,4,4,4,4,4,2,2,1,4,1,4,1,4,2.2,3.16666666666667,3.83333333333333,3,2.33333333333333,3,1.28571428571429,1,3.66666666666667,3.77777777777778,1,1,1,1,1,1.5
"51","5f86e83e2285ab046ea8b224",20,"Female","Heterosexual","Indian","Hindu","","Urban environment","No","Comprehensive sex education","High School Diploma / A-levels",3,3,3,3,2,3,3,4,4,1,3,3,2,1,2,3,2,3,3,3,1,2,3,1,3,3,3,4,4,3,3,2,2,1,2,3,3,1,1,3,4,4,3,4,3,4,4,2,2,3,2,2,1,3,2,1,3,3,2,1,1,1,3,1,2,1,1,1,2,1,1,3,4,4,3,4,3,3,4,1,2,1,2,2,2,3,3,2,3,3,3,3,2,3,3,3,3,3,3,3,3,3,2,3,3,3,2,3,2,3,3,2.16666666666667,3.66666666666667,3.33333333333333,2.83333333333333,2.33333333333333,3.42857142857143,2,2.83333333333333,2.88888888888889,2,2,2,2,2,2.3
"52","5e230bbadbc6705c1ec805c7",22,"Male","Heterosexual","Pakistani","Islamic","","Urban environment","No","Comprehensive sex education","High School Diploma / A-levels",4,4,4,4,3,2,3,3,3,2,2,1,3,3,2,2,2,3,3,3,3,2,3,3,3,3,4,2,3,3,3,4,2,3,2,2,3,2,3,1,2,2,3,3,3,2,2,2,2,3,1,3,1,2,2,1,3,3,2,1,1,1,2,3,2,1,1,3,2,2,2,3,3,4,4,4,3,3,2,2,2,3,3,3,2,3,3,3,4,4,3,3,2,3,3,2,3,3,3,2,2,1,4,4,1,3,4,1,4,3,3.6,2.5,2.66666666666667,2.83333333333333,2,2.33333333333333,3.42857142857143,2.42857142857143,3.33333333333333,2.66666666666667,3,4,2,4,2,2.9
"53","5dd6abf622749763a10324ec",23,"Female","Bisexual","White British","Agnostic","","Suburban environment","No","Comprehensive sex education","GCSE",3,3,3,2,2,3,3,2,3,4,3,3,2,3,4,4,2,3,3,2,2,2,3,3,3,2,1,3,3,1,2,2,2,2,4,3,2,3,2,3,2,2,3,1,1,3,3,3,4,3,4,2,2,2,2,1,3,3,3,1,3,1,2,1,2,1,3,3,2,2,3,3,4,4,3,3,4,2,2,1,1,2,2,3,2,3,3,2,3,3,1,4,2,4,2,2,2,4,3,4,4,3,2,2,1,2,1,3,1,4,2.8,2.66666666666667,2.66666666666667,1.83333333333333,3.33333333333333,2.66666666666667,3.28571428571429,1.85714285714286,2.5,3,1,2,3,2,1,1.7
"54","611835b51da9e47cd01c3b03",24,"Male","Heterosexual","White British","Agnostic","","Rural environment","No","Comprehensive sex education","Masters Degree",3,4,3,3,2,3,2,3,3,1,3,1,1,2,2,2,3,3,3,3,3,1,1,3,4,2,1,3,3,3,4,3,3,2,2,2,3,2,2,2,3,2,2,4,3,3,2,3,2,2,4,3,2,2,3,1,3,3,2,1,3,1,2,1,2,1,1,3,2,2,3,3,3,3,3,3,1,1,2,1,2,1,1,2,1,4,4,3,3,4,4,3,2,2,1,2,2,3,2,3,2,4,1,2,3,2,3,4,1,4,3.2,1.83333333333333,2.66666666666667,3.33333333333333,2.33333333333333,2.33333333333333,2.42857142857143,1.42857142857143,3.66666666666667,2.22222222222222,3,1,3,1,1,2.2
"55","628287712ff72ed076829b77",NA,"Female","Heterosexual","White and Black Caribbean","Atheist","","Suburban environment","No","Comprehensive sex education","Bachelors Degree",3,4,4,3,2,3,3,2,3,1,2,3,2,3,2,1,2,4,3,4,3,3,4,1,4,3,1,2,4,4,2,3,2,2,1,2,2,3,3,2,2,4,3,4,3,3,2,2,1,3,4,3,2,2,2,1,1,3,2,1,3,1,3,1,2,1,1,3,2,3,3,3,4,4,2,4,3,4,2,2,2,1,2,3,2,3,3,2,4,3,4,3,2,3,4,1,3,3,2,3,4,4,3,2,3,3,2,4,1,3,3.4,3,3.16666666666667,3.66666666666667,1.66666666666667,3.16666666666667,3.42857142857143,2,3.16666666666667,2.66666666666667,1,1,2,1,2,2.1
"56","610810e2a868eaf418776aef",24,"Female","Heterosexual","#NULL!","Islamic","","Urban environment","No","I did not receive a sex education course in primary or secondary school","Bachelors Degree",4,4,4,4,1,4,3,4,4,3,3,1,1,1,3,3,3,2,4,4,3,1,3,1,3,4,3,3,4,3,3,3,4,1,1,2,3,1,2,2,4,4,1,2,2,4,2,1,2,2,2,3,2,2,2,2,1,3,2,1,1,1,2,1,2,1,3,1,2,2,2,3,4,4,4,3,3,3,2,1,1,2,1,3,2,4,4,3,4,4,4,4,1,2,3,3,1,4,1,3,3,1,4,4,4,3,1,2,1,4,4,1.83333333333333,3.5,3,2.16666666666667,2,3.42857142857143,1.71428571428571,3.83333333333333,2.44444444444444,2,4,2,3,1,2.5
"57","5eab1f263437620e2c6909eb",21,"Male","Heterosexual","White British","Atheist","","Rural environment","No","Comprehensive sex education","Bachelors Degree",4,3,3,3,2,3,3,3,3,3,3,3,2,3,4,3,2,2,3,3,3,3,3,2,3,3,2,3,3,2,3,3,4,3,3,2,2,2,2,2,2,3,1,2,1,2,2,2,3,3,3,3,2,2,2,1,3,3,2,1,1,3,2,1,2,1,1,1,3,2,2,3,4,3,2,3,4,3,2,2,2,3,2,3,3,4,4,4,4,3,4,3,3,3,4,2,3,3,2,4,3,4,3,2,3,3,2,4,1,4,3.2,2.16666666666667,2.5,2.16666666666667,2.5,3,3.14285714285714,2.42857142857143,3.83333333333333,3,2,1,2,1,1,2.1
"58","5c095a329f191a0001a4ed72",22,"Female","Pansexual","White and Black African","Atheist","","Suburban environment","Yes","Abstinence focused sex education","High School Diploma / A-levels",3,3,3,2,3,2,3,2,4,4,4,3,3,2,4,4,2,4,4,3,1,3,3,1,3,1,2,3,4,4,2,4,3,1,4,4,1,3,2,1,3,4,2,1,1,4,4,4,1,3,3,1,2,2,2,1,1,3,2,1,3,1,2,3,2,1,1,3,2,2,3,2,4,3,2,4,3,3,1,2,1,1,1,3,1,4,4,4,3,4,3,3,3,4,4,4,3,3,4,4,4,3,3,2,2,4,2,3,1,4,2.6,2.66666666666667,3.5,2.66666666666667,3.5,2.83333333333333,3,1.42857142857143,3.66666666666667,3.55555555555556,1,2,1,2,1,1.8
"59","61533356ce435e5a4a4addd0",20,"Male","Heterosexual","Indian","Agnostic","","Urban environment","Yes","I did not receive a sex education course in primary or secondary school","High School Diploma / A-levels",4,4,3,3,2,3,3,3,3,3,3,3,2,1,4,3,2,2,3,3,3,3,3,1,2,3,3,3,4,3,3,3,3,2,3,2,2,2,2,2,4,4,2,2,1,3,2,2,2,3,2,3,1,3,3,1,3,3,3,1,3,1,3,1,3,1,1,3,3,3,3,2,3,3,3,4,3,3,3,3,2,2,2,4,3,4,4,4,4,4,4,4,2,3,3,3,3,3,3,3,3,3,3,2,2,3,2,4,1,4,3.4,2.16666666666667,3.33333333333333,2.33333333333333,2.33333333333333,2.83333333333333,3,2.71428571428571,4,3,2,2,2,1,1,2.1
"60","6318b21c7398cc162b218260",21,"Male","Heterosexual","Any other White background","Agnostic","","Suburban environment","Yes","Comprehensive sex education","High School Diploma / A-levels",3,3,3,3,2,3,3,3,3,3,3,3,2,3,3,2,2,3,2,3,3,2,3,2,3,2,2,3,3,3,3,3,2,2,2,2,2,2,2,2,2,3,3,2,2,3,2,3,2,3,3,3,2,2,2,1,3,3,2,1,3,1,2,2,2,1,2,3,2,2,2,3,4,3,3,4,3,3,2,3,2,2,2,3,2,4,4,4,4,4,4,3,3,3,3,2,3,3,3,3,3,3,3,3,3,3,2,3,2,4,3,2.33333333333333,2.66666666666667,2.66666666666667,2.33333333333333,2.83333333333333,3.28571428571429,2.28571428571429,4,2.88888888888889,2,2,2,2,1,2.3
"61","6320ebd0b8f4528045073028",19,"Male","Heterosexual","African","Agnostic","","Urban environment","Yes","Comprehensive sex education","High School Diploma / A-levels",3,3,3,3,2,3,3,3,3,4,4,3,2,3,4,4,3,1,2,2,2,3,1,3,2,2,3,3,3,2,2,2,2,3,3,3,2,2,2,3,2,2,3,1,1,2,3,3,3,2,2,2,3,2,2,1,3,3,2,1,3,1,2,3,3,1,3,3,3,3,3,3,4,3,2,3,3,4,2,3,2,3,2,3,2,2,3,2,4,3,4,3,2,1,2,2,2,3,3,3,3,3,2,2,2,3,2,3,2,3,3,1.83333333333333,2.5,1.66666666666667,3.33333333333333,2.33333333333333,3.14285714285714,2.42857142857143,3,2.33333333333333,2,2,2,2,2,2.1
"62","60af75c97b9939e8757c37e7",21,"Male","Heterosexual","Indian","Islamic","","Suburban environment","No","Comprehensive sex education","High School Diploma / A-levels",3,3,3,3,2,3,3,3,3,2,2,3,3,2,2,2,2,3,3,3,3,3,2,2,3,3,3,2,3,3,3,3,2,2,2,2,2,2,3,2,3,3,3,3,3,3,2,2,2,3,2,3,2,2,1,1,1,3,2,1,1,1,2,1,3,1,3,1,2,2,2,2,3,3,3,3,2,2,2,1,2,2,2,3,2,4,4,4,4,4,4,3,2,3,3,2,2,3,3,3,2,2,3,2,3,3,2,2,3,3,3,2.5,3,3,2,2.83333333333333,2.57142857142857,2,4,2.66666666666667,3,3,2,3,2,2.5
"63","603cb0231c38de9fe48fd4c4",21,"Male","Heterosexual","White British","Atheist","","Suburban environment","Yes","I did not receive a sex education course in primary or secondary school","High School Diploma / A-levels",1,3,4,3,1,4,2,4,4,3,3,2,3,2,3,3,3,1,1,2,3,2,2,2,1,4,3,1,4,3,2,4,3,3,3,1,4,1,4,1,3,3,2,2,2,2,2,1,2,2,2,4,3,3,2,1,3,1,2,1,3,2,3,1,3,1,3,3,2,3,3,4,4,4,4,4,4,4,3,2,2,2,3,3,3,4,4,3,3,4,1,3,2,3,3,2,2,1,3,3,3,4,2,4,3,3,2,3,1,4,3,2,2.83333333333333,2,2,2.66666666666667,4,2.57142857142857,3.16666666666667,2.44444444444444,2,1,2,2,1,2.1
"64","6105c4ef9874ab4473c66c18",23,"Male","Heterosexual","Chinese","Agnostic","","Urban environment","Yes","Comprehensive sex education","Bachelors Degree",3,3,3,3,2,3,4,3,2,1,4,2,2,3,2,3,2,1,1,3,3,3,3,3,4,2,3,4,3,4,3,3,1,3,3,3,2,2,1,2,2,2,4,4,3,2,2,3,1,3,2,2,2,2,2,1,1,3,1,1,1,1,2,3,2,1,3,3,2,2,2,3,3,3,3,4,1,2,2,2,1,1,2,3,1,4,4,3,3,3,2,3,3,2,3,3,2,2,3,4,4,3,2,2,1,3,2,3,1,4,3,1.83333333333333,2.33333333333333,3.33333333333333,2.66666666666667,2.5,2.71428571428571,1.71428571428571,3.16666666666667,2.77777777777778,1,2,2,2,1,1.7
"65","610810e2a868eaf418776aef",24,"Female","Heterosexual","Bangladeshi","Islamic","","Urban environment","No","I did not receive a sex education course in primary or secondary school","Bachelors Degree",2,4,4,4,1,4,3,4,4,3,3,1,2,1,4,3,3,2,4,4,3,2,2,1,4,3,3,3,4,4,4,3,3,1,2,2,3,1,2,2,4,4,2,2,1,4,2,2,1,2,2,3,NA,NA,NA,NA,NA,NA,NA,NA,NA,NA,NA,NA,NA,NA,NA,NA,NA,NA,NA,NA,NA,NA,NA,NA,NA,NA,NA,NA,NA,NA,NA,NA,NA,NA,NA,NA,NA,NA,NA,NA,NA,NA,NA,NA,NA,NA,NA,NA,NA,NA,NA,NA,NA,NA,NA,NA,NA,NA,3.6,1.83333333333333,3.66666666666667,3.16666666666667,2.16666666666667,2.16666666666667,NA,NA,NA,NA,NA,NA,NA,NA,NA,NA
"66","60c3eaa52cb40fdec8e682ea",22,"Female","Heterosexual","White British","Agnostic","","Suburban environment","No","I did not receive a sex education course in primary or secondary school","Bachelors Degree",3,3,3,3,3,2,3,3,3,2,2,3,3,3,1,1,2,3,2,3,3,3,3,2,3,3,2,2,3,3,3,3,2,2,2,2,2,2,3,2,2,3,3,3,4,3,2,2,2,3,3,3,2,2,2,1,3,3,2,1,3,1,2,1,2,1,2,3,2,3,3,3,4,3,2,3,3,3,2,2,2,2,2,2,2,4,3,4,3,3,3,4,2,3,3,2,3,3,3,3,3,3,2,2,2,3,2,2,2,4,2.8,2.66666666666667,2.66666666666667,3.16666666666667,1.83333333333333,3,3,2,3.33333333333333,2.88888888888889,2,2,2,3,1,1.9
"67","60b7d053a787ce9076e74227",20,"Female","Heterosexual","White British","Agnostic","","Suburban environment","No","Comprehensive sex education","Bachelors Degree",4,4,3,3,2,3,4,2,4,3,4,4,2,3,4,3,1,3,3,3,1,4,4,3,3,2,2,3,3,3,3,4,3,3,3,4,1,3,2,1,2,2,2,2,1,2,4,3,2,4,3,1,2,2,2,1,3,3,2,1,3,3,2,1,2,1,3,3,2,2,3,3,4,4,3,4,3,3,2,2,1,2,2,3,2,4,4,4,4,4,4,4,4,4,4,4,4,4,4,4,4,3,2,2,2,4,2,3,1,4,3.4,2.5,2.66666666666667,2.33333333333333,3.33333333333333,3.33333333333333,3.42857142857143,2,4,4,1,2,1,2,1,1.7
"68","601de190e37c951eaa8c89e4",24,"Female","Heterosexual","White European","Catholic","","Suburban environment","Yes","Comprehensive sex education","Bachelors Degree",4,3,2,4,2,3,3,3,4,4,4,3,2,3,4,3,2,2,2,3,1,3,2,2,2,1,2,3,4,3,2,3,4,2,2,4,1,2,2,2,2,3,1,1,1,3,4,4,2,3,3,1,3,2,2,1,1,3,2,1,1,1,2,1,2,1,3,3,2,2,3,3,4,3,4,4,4,3,3,1,1,1,1,3,2,4,4,4,4,4,4,4,2,2,3,2,3,4,3,3,4,4,3,1,2,3,1,3,1,4,3.2,2,2.66666666666667,2.16666666666667,3.5,2.66666666666667,3.57142857142857,1.71428571428571,4,2.88888888888889,1,1,2,2,1,1.6
"69","60ff1afb897b7577b4c20a2e",NA,"Male","Bisexual","White British","Agnostic","","Urban environment","No","Comprehensive sex education","High School Diploma / A-levels",3,2,1,3,4,1,4,4,3,3,4,3,1,3,4,3,1,2,1,3,2,3,2,1,3,1,1,2,4,3,2,4,3,3,3,4,1,1,3,1,2,4,2,2,1,2,3,4,2,4,4,1,2,2,2,1,3,2,2,1,3,1,2,1,2,1,1,3,2,2,1,3,4,4,4,3,3,4,2,1,2,3,3,4,2,2,3,4,3,2,2,4,3,3,2,3,4,4,3,3,4,3,2,1,2,3,1,3,2,3,2,1.66666666666667,2.66666666666667,2.33333333333333,3.33333333333333,3.16666666666667,3.57142857142857,2.42857142857143,2.66666666666667,3.22222222222222,1,2,2,2,2,1.8
"70","608d8e5a23217f3f78975235",22,"Male","Heterosexual","Pakistani","Agnostic","","Urban environment","No","Comprehensive sex education","Bachelors Degree",3,4,3,3,2,3,3,3,2,1,3,3,1,1,2,1,1,3,3,3,3,3,1,3,4,3,2,2,3,3,3,3,1,1,1,1,1,2,3,2,4,2,4,4,3,4,2,2,2,4,3,4,1,2,2,1,3,3,2,1,3,1,3,1,2,1,2,1,2,2,2,2,4,3,3,3,3,3,2,2,1,1,1,1,3,4,4,2,4,3,4,3,2,3,1,2,1,2,NA,3,2,3,2,3,4,4,2,3,2,2,3.2,2,3,3.5,1.83333333333333,3.33333333333333,3,1.57142857142857,3.5,2.125,3,2,1,2,3,2.5
"71","5e7a46d8e1e19301df4faab9",25,"Male","Heterosexual","White British","Atheist","","Suburban environment","No","I did not receive a sex education course in primary or secondary school","Bachelors Degree",4,3,3,4,2,3,4,3,3,2,2,3,1,1,2,3,2,3,3,3,2,3,3,2,3,2,3,3,4,4,3,3,2,2,2,2,2,2,2,2,4,3,3,3,3,3,3,3,1,3,2,3,3,3,1,1,3,1,2,1,2,2,2,3,2,1,2,3,2,1,3,4,4,4,4,3,4,3,2,3,1,1,2,4,3,3,4,4,4,4,4,3,2,2,1,1,1,3,1,3,4,3,2,1,2,4,2,3,2,4,3.4,2.16666666666667,3.33333333333333,3.16666666666667,2.33333333333333,2.83333333333333,3.71428571428571,2.28571428571429,3.83333333333333,1.88888888888889,1,2,1,2,1,1.7
"72","5bcc34925ac43c0001992c0c",25,"Female","Heterosexual","African","Christian","","Urban environment","No","Comprehensive sex education","Masters Degree",3,3,4,2,2,3,4,3,4,3,4,4,3,2,3,3,1,3,2,4,2,4,3,1,2,3,2,2,4,4,3,4,2,2,2,3,1,2,3,1,3,4,3,2,2,3,3,2,1,4,3,2,2,2,2,1,3,3,2,1,1,1,2,3,2,1,3,3,3,2,3,2,4,2,2,3,3,2,1,1,1,1,1,2,1,4,4,4,4,4,4,4,4,3,4,3,3,4,4,3,4,3,3,3,2,4,2,3,2,4,3,2.5,3.33333333333333,2.83333333333333,2.66666666666667,3.5,2.57142857142857,1.14285714285714,4,3.55555555555556,1,2,1,2,1,2
"73","605f31e556b300ee2f433ae1",19,"Male","Bisexual","Caribbean","Christian","","Suburban environment","No","I did not receive a sex education course in primary or secondary school","GCSE",4,1,1,4,4,1,4,4,4,4,4,4,1,1,4,4,4,1,1,1,1,1,1,1,1,1,3,4,4,3,1,3,4,4,4,4,2,1,1,2,4,4,1,1,1,1,4,4,2,1,2,1,3,2,3,3,3,1,3,1,3,3,3,3,3,3,3,3,1,3,3,4,4,4,4,4,4,4,4,4,1,1,4,4,1,1,1,1,1,4,4,4,1,1,1,1,1,4,1,1,4,4,1,1,4,1,1,4,1,4,2.2,1.16666666666667,3,1.33333333333333,3.66666666666667,2,4,2.71428571428571,2,1.66666666666667,1,1,4,1,1,1.9
"74","631797b16c44e201ca651911",22,"Male","Heterosexual","White European","Christian","","Suburban environment","No","Comprehensive sex education","Masters Degree",3,3,4,3,2,3,2,2,3,2,2,3,4,2,4,2,2,3,3,3,4,3,3,3,3,4,2,2,4,3,3,3,1,2,3,1,2,3,3,2,3,2,4,3,1,3,1,1,2,3,3,4,2,2,2,1,3,1,2,1,2,1,2,1,2,1,1,3,2,2,3,2,3,2,2,3,2,2,2,1,2,2,2,3,1,4,4,4,4,4,4,3,3,3,4,4,4,4,4,3,3,3,2,2,2,3,2,3,2,4,3.2,3,3.16666666666667,2.66666666666667,1.5,3.16666666666667,2.28571428571429,1.85714285714286,4,3.55555555555556,2,2,2,2,1,2
"75","5fc2a32804e71549aadbdf14",21,"Male","Bisexual","White and Black Caribbean","Buddhist","","Urban environment","No","Comprehensive sex education","High School Diploma / A-levels",4,2,3,3,1,4,4,3,4,4,3,3,3,2,4,3,3,4,3,3,3,3,3,1,2,3,2,3,4,2,3,4,1,3,3,3,1,2,2,1,3,4,4,1,1,2,2,2,3,2,3,2,2,2,2,1,1,1,2,1,1,1,2,1,2,1,1,1,2,2,2,4,4,4,4,4,4,4,2,2,2,3,4,4,3,3,4,4,4,2,1,4,3,3,3,4,4,4,4,3,4,3,2,2,2,3,2,3,2,4,3.2,2.5,3.66666666666667,1.83333333333333,2.66666666666667,2.83333333333333,4,2.85714285714286,3,3.55555555555556,1,2,2,2,1,1.9
"76","5ecf82c4e84c2d01e7ba2f7a",20,"Female","Heterosexual","White British","Agnostic","","Suburban environment","Yes","Comprehensive sex education","High School Diploma / A-levels",3,4,3,3,3,2,3,3,4,2,4,4,2,2,3,3,2,2,3,3,2,3,3,1,3,2,2,3,4,3,2,3,2,2,2,3,2,2,2,2,3,4,3,3,2,3,3,3,2,3,3,2,2,2,2,1,3,3,2,1,3,3,3,3,3,1,1,3,2,2,3,4,4,4,4,4,4,3,2,1,1,1,1,2,2,4,4,4,4,4,4,3,3,2,3,3,3,4,3,3,4,4,3,2,2,4,2,4,1,4,3,2.16666666666667,3.5,2.83333333333333,3,3,3.85714285714286,1.42857142857143,4,3,1,1,1,1,1,1.8
"77","617470f0ed966e30b2f8a11b",23,"Female","Bisexual","White British","Christian","","Rural environment","Yes","I did not receive a sex education course in primary or secondary school","High School Diploma / A-levels",3,3,2,3,3,2,4,1,4,4,4,4,3,2,4,4,2,3,3,3,1,3,3,1,2,1,1,2,4,3,4,3,3,2,3,4,1,4,3,2,3,4,2,1,1,3,4,4,2,3,4,1,1,2,2,1,1,1,2,1,1,1,2,1,2,1,2,3,2,1,2,2,3,1,1,2,3,1,2,1,1,1,1,3,1,3,3,2,4,3,2,4,4,4,3,3,2,4,4,4,4,4,3,1,2,4,3,3,1,4,2.6,3,3.33333333333333,2.16666666666667,3.66666666666667,3,1.85714285714286,1.42857142857143,2.83333333333333,3.55555555555556,1,1,1,2,1,1.7
"78","5be5a1fc41c95d0001b1ddcf",22,"Female","Heterosexual","White British","Atheist","","Suburban environment","No","Comprehensive sex education","Bachelors Degree",3,3,4,3,2,3,3,3,3,2,2,3,3,2,3,2,4,2,2,4,4,4,2,2,2,3,1,2,4,3,3,4,3,2,2,1,1,2,3,1,3,3,2,3,2,3,1,2,2,1,4,4,2,2,2,1,3,3,2,1,3,1,2,1,2,1,2,1,2,2,2,2,3,3,1,2,3,3,2,1,1,1,1,1,1,4,4,4,4,4,4,4,4,4,4,4,4,4,4,4,3,4,2,2,1,4,1,4,1,4,3.2,2.16666666666667,2.83333333333333,2.83333333333333,1.66666666666667,3.33333333333333,2.42857142857143,1.14285714285714,4,4,2,1,1,1,1,1.6
"79","60fcc362d006841f4411e1f3",21,"Non-binary / third gender","Homosexual","White British","Agnostic","","Suburban environment","Yes","Comprehensive sex education","High School Diploma / A-levels",2,3,3,3,2,3,3,3,3,4,4,4,2,2,3,3,1,3,2,4,2,3,3,2,1,3,2,2,4,3,3,3,2,2,3,3,1,2,3,2,3,3,3,1,2,3,3,2,2,4,3,2,2,2,2,1,1,1,2,1,1,1,2,3,2,1,1,3,2,2,2,3,3,3,2,2,3,2,2,1,1,2,2,2,2,4,4,4,4,4,4,4,3,3,3,2,3,3,3,3,3,3,2,2,4,3,2,3,4,3,2.8,2.5,3,2.33333333333333,2.83333333333333,3.16666666666667,2.57142857142857,1.71428571428571,4,3,2,2,2,2,2,2.5
"80","60815de360f218f8b6164656",19,"Male","Heterosexual","White British","Atheist","","Suburban environment","Yes","Comprehensive sex education","High School Diploma / A-levels",4,4,4,4,2,3,4,2,3,3,3,2,3,2,4,2,2,3,2,3,4,3,4,2,2,3,3,2,4,3,3,3,1,4,2,1,2,3,3,2,3,3,4,2,1,1,1,2,2,3,2,4,2,2,2,1,3,1,2,1,3,1,2,1,2,1,1,3,2,2,3,3,4,3,3,3,3,2,2,2,1,2,2,3,1,3,4,4,4,4,4,3,3,3,3,3,3,4,3,4,3,4,3,2,1,4,2,2,1,4,3.8,3,3.16666666666667,2,1.83333333333333,2.83333333333333,3,1.85714285714286,3.83333333333333,3.22222222222222,2,1,1,3,1,1.6
"81","616c8c6c8a2b0bd84d21d629",19,"Male","Heterosexual","Bangladeshi","Islamic","","Urban environment","No","Comprehensive sex education","High School Diploma / A-levels",2,3,3,3,2,3,2,3,3,2,3,2,2,3,4,3,3,2,3,3,2,2,2,2,3,2,2,3,3,3,3,3,3,2,3,2,3,2,2,2,2,3,2,3,1,3,3,3,2,2,3,3,2,2,2,1,3,1,2,2,3,1,2,3,2,1,3,3,3,2,2,3,3,3,3,3,3,3,2,2,2,2,2,3,1,2,3,2,3,3,2,2,1,2,3,3,2,2,2,2,2,1,3,3,3,2,3,1,4,3,2.8,2,2.66666666666667,2.66666666666667,2.66666666666667,2.5,3,2,2.5,2.11111111111111,3,4,3,4,2,2.9
"82","5e4b00acecbca8011a7319c1",25,"Male","Homosexual","Any other Ethnic Group","Atheist","","Suburban environment","Yes","I did not receive a sex education course in primary or secondary school","Masters Degree",3,3,3,3,2,3,3,3,3,2,4,3,2,2,3,3,2,2,2,3,2,2,2,3,3,2,3,3,3,3,2,3,3,3,3,3,3,2,2,2,3,2,2,3,2,2,3,3,2,3,2,2,2,2,1,1,1,1,3,1,1,1,2,1,2,1,1,3,2,2,2,3,4,3,4,4,3,2,2,1,2,2,3,3,2,3,4,2,3,4,4,2,2,3,2,2,3,4,3,3,4,4,3,3,2,3,2,3,2,3,3,2,2.5,2.66666666666667,3,2.5,3.28571428571429,2.14285714285714,3.33333333333333,2.66666666666667,1,1,2,2,2,2.1
"83","634731dd2e395fbd8a09ee1f",NA,"Male","Heterosexual","White British","Atheist","","Suburban environment","No","Comprehensive sex education","High School Diploma / A-levels",3,3,4,2,2,3,3,3,4,2,1,3,3,2,3,4,3,2,2,4,3,3,1,3,4,3,2,2,3,3,3,4,1,2,2,2,3,2,3,1,3,2,4,3,2,3,2,2,2,2,3,3,2,2,2,1,1,1,2,3,1,3,2,3,2,3,1,3,2,2,2,2,3,3,2,2,2,3,3,1,2,2,2,3,2,4,4,4,4,4,4,4,1,3,3,2,3,3,3,3,3,3,3,3,4,3,2,3,1,4,3,2,3,3.16666666666667,2.16666666666667,3,2.42857142857143,2.14285714285714,4,2.77777777777778,2,2,2,2,1,2.3
"84","6346fbbfb77f0a65e308015d",18,"Male","Heterosexual","White British","Agnostic","","Suburban environment","No","Comprehensive sex education","GCSE",3,3,3,4,2,3,3,3,2,2,1,3,3,3,3,1,3,3,2,3,4,2,2,3,3,4,3,2,3,3,3,3,2,3,2,2,2,2,3,2,2,2,3,3,2,2,1,1,2,2,2,3,2,2,2,1,3,3,2,1,3,3,3,3,2,1,2,3,2,2,3,2,3,3,2,3,2,3,3,1,1,2,1,3,2,3,3,3,3,3,3,4,1,1,3,1,2,3,2,3,3,3,4,3,3,2,2,3,1,4,3.2,2.5,2.33333333333333,2.66666666666667,1.33333333333333,2.5,2.57142857142857,1.85714285714286,3,2.22222222222222,2,2,3,2,1,2.4
"85","62e96d3ba52c46dd1a2af27f",24,"Male","Heterosexual","Any other Ethnic Group","Agnostic","","Suburban environment","Yes","I did not receive a sex education course in primary or secondary school","Bachelors Degree",3,2,3,3,2,3,4,3,3,2,3,3,2,3,3,3,3,2,3,2,3,3,3,4,3,2,3,3,3,2,3,4,3,4,3,2,3,2,2,1,2,1,2,3,2,1,2,3,3,2,2,3,2,2,2,1,3,2,2,1,2,1,3,1,2,1,1,1,2,2,2,4,4,4,4,4,4,4,2,3,2,3,3,3,3,2,2,3,3,2,2,3,3,3,3,1,3,2,3,3,3,3,2,2,3,3,2,3,2,3,2.8,2,2.33333333333333,2.16666666666667,2.66666666666667,2.83333333333333,4,2.71428571428571,2.33333333333333,2.66666666666667,2,2,2,2,2,2.2
"86","5f69c62d0bda08020d07c27e",21,"Female","Bisexual","White British","Atheist","","Urban environment","No","Comprehensive sex education","High School Diploma / A-levels",3,3,2,2,3,2,3,3,3,1,4,4,2,2,2,4,2,2,3,3,1,1,2,3,4,2,2,3,4,3,1,3,2,2,3,3,3,2,2,2,3,2,3,4,3,3,4,3,2,3,3,2,2,2,2,1,3,1,2,1,1,1,2,1,2,1,1,1,2,2,2,3,3,3,3,3,3,3,1,1,1,1,1,2,1,3,4,4,2,4,4,4,4,4,4,4,2,4,4,4,4,4,2,1,2,3,1,3,1,4,2.4,2,3,3.33333333333333,3.33333333333333,2.66666666666667,3,1.14285714285714,3.5,3.77777777777778,1,1,2,2,1,1.5
"87","5e5cf03c1977824c54306ab0",22,"Female","Heterosexual","Indian","Hindu","","Rural environment","Yes","Comprehensive sex education","Bachelors Degree",3,4,2,3,2,3,4,3,4,2,4,4,2,1,3,3,2,2,3,4,1,2,3,1,4,2,2,2,4,3,2,3,2,2,2,4,2,2,3,2,4,4,3,3,2,3,4,3,2,3,3,1,2,2,2,1,1,3,2,1,1,1,2,1,2,1,3,1,2,2,2,3,4,3,2,3,3,3,2,1,1,2,1,3,1,2,4,3,3,3,3,3,3,3,3,2,2,3,3,3,3,3,2,2,3,3,2,3,2,4,3,2.33333333333333,3.66666666666667,3.16666666666667,3.33333333333333,2.66666666666667,3,1.57142857142857,3,2.77777777777778,2,2,2,2,1,2.1
"88","60cfc2db46329d9f83ce0653",22,"Female","Bisexual","White British","Agnostic","","Suburban environment","No","Comprehensive sex education","High School Diploma / A-levels",4,3,2,3,2,3,3,3,4,2,4,2,1,2,3,3,3,3,3,4,1,2,3,2,2,2,2,3,4,3,3,3,2,2,3,3,3,2,2,2,3,3,3,3,2,3,4,3,2,2,3,2,2,2,2,1,1,3,2,1,1,1,2,1,2,1,1,3,2,2,3,2,3,3,2,3,3,2,2,2,1,1,1,3,1,4,4,4,4,4,4,3,3,3,3,3,3,3,3,3,3,3,2,2,3,3,2,3,1,3,3,2.16666666666667,3.33333333333333,2.83333333333333,3.16666666666667,2.33333333333333,2.57142857142857,1.57142857142857,4,3,2,2,2,2,2,2.1
"89","602566f8b47a130ae1d2f94b",23,"Female","Homosexual","White British","Atheist","","Urban environment","No","Comprehensive sex education","Masters Degree",4,3,3,3,2,3,3,3,4,2,4,4,3,2,3,4,2,1,3,4,2,3,3,1,3,3,1,2,4,3,2,4,3,2,2,3,2,2,3,1,3,4,2,3,2,3,3,2,2,3,4,2,2,3,2,1,3,3,3,1,3,1,2,1,2,1,2,2,2,1,3,2,3,3,3,3,2,2,1,1,1,1,1,1,1,4,3,4,4,1,1,4,4,4,3,3,3,4,4,4,4,4,2,1,1,3,1,3,1,4,3.2,2.16666666666667,3.33333333333333,3,3,3.33333333333333,2.57142857142857,1,2.83333333333333,3.66666666666667,1,1,2,2,1,1.4
"90","5f4014ebc9ed761161f17c73",25,"Female","Bisexual","White British","Catholic","","Suburban environment","No","Abstinence focused sex education","High School Diploma / A-levels",3,3,2,3,3,2,4,3,4,2,4,4,3,2,2,3,2,2,3,3,2,3,3,1,3,3,2,2,3,3,3,4,2,2,2,3,2,2,3,1,3,4,3,3,3,3,3,2,2,3,3,2,2,1,2,1,1,2,2,1,1,1,2,1,2,1,3,3,2,2,2,3,3,3,2,3,4,3,2,2,2,2,2,3,1,3,4,4,4,4,4,3,3,4,4,3,3,4,3,4,4,4,2,2,1,4,2,3,2,4,2.6,2.33333333333333,3.33333333333333,3,2.83333333333333,3.16666666666667,3,2,3.83333333333333,3.44444444444444,1,1,1,2,1,1.6
"91","5eda54a30d7fc464b9aa4cfe",NA,"Female","Heterosexual","White British","Christian","","Suburban environment","No","Comprehensive sex education","Bachelors Degree",2,3,2,2,3,2,3,2,3,2,4,2,3,3,2,3,3,3,2,3,2,4,4,2,3,1,3,2,3,2,2,2,4,2,3,4,2,3,3,3,2,3,1,3,3,3,3,4,3,2,2,1,2,2,3,1,1,3,2,1,1,2,2,2,2,1,2,3,2,2,3,3,4,3,4,4,3,3,1,1,1,1,2,3,1,4,4,4,3,3,4,3,4,4,2,2,2,4,3,3,4,3,2,2,4,3,2,3,2,4,2.2,3.16666666666667,2.33333333333333,2.83333333333333,3.5,2.16666666666667,3.42857142857143,1.42857142857143,3.66666666666667,3,1,2,2,2,1,2.1
"92","634d7526f126d5e2312f06cd",NA,"Female","Heterosexual","White British","Agnostic","","Rural environment","No","Comprehensive sex education","Bachelors Degree",4,3,3,4,2,3,3,2,3,2,4,3,4,2,2,2,3,2,2,3,3,4,4,2,3,2,3,2,4,3,2,4,3,3,2,2,2,3,3,1,3,3,2,3,3,2,2,3,2,2,2,3,2,2,2,1,3,2,2,1,1,1,2,3,2,1,3,2,2,2,3,3,4,4,2,3,3,3,1,1,1,1,1,3,2,4,4,4,4,4,4,4,4,4,3,2,3,3,4,4,4,4,2,1,2,4,2,4,1,4,3.4,2.83333333333333,2.83333333333333,2.83333333333333,2.5,3,3.14285714285714,1.42857142857143,4,3.44444444444444,1,1,1,1,1,1.6
"93","63468bba5b07f90fcd2c1e16",NA,"Male","Heterosexual","Any other White background","Catholic","","Suburban environment","Yes","Comprehensive sex education","High School Diploma / A-levels",3,3,4,3,3,2,3,2,3,2,2,3,2,3,2,2,2,3,3,2,3,2,3,2,3,3,2,3,3,3,3,3,2,2,3,2,3,3,2,2,2,3,3,3,3,3,2,2,2,3,3,3,2,3,3,1,1,1,2,1,1,1,2,1,2,1,1,3,2,2,2,3,4,3,2,3,2,2,2,2,2,3,2,3,2,3,4,3,4,4,4,3,2,1,2,2,3,2,2,2,2,2,3,2,2,3,3,3,3,2,3,2.5,2.83333333333333,2.83333333333333,2,2.83333333333333,2.71428571428571,2.28571428571429,3.66666666666667,2.11111111111111,3,3,2,2,3,2.7
"94","5f91842b29f0ee090d298b09",NA,"Male","Heterosexual","White British","Atheist","","Urban environment","Yes","Comprehensive sex education","High School Diploma / A-levels",3,3,3,3,4,1,4,1,3,3,3,4,3,3,3,4,1,3,2,3,2,4,3,4,2,3,1,2,3,3,3,4,3,3,3,3,1,4,3,1,2,1,2,2,2,2,3,2,2,4,4,2,3,2,2,1,3,2,2,1,3,1,3,3,2,1,1,3,2,3,2,3,3,3,2,3,4,2,2,2,2,1,1,3,1,3,4,4,4,4,3,3,2,3,3,3,3,3,2,3,4,4,1,1,3,3,1,4,1,4,2.6,2.83333333333333,2.16666666666667,2.33333333333333,2.83333333333333,3.66666666666667,2.85714285714286,1.71428571428571,3.66666666666667,2.77777777777778,1,1,2,1,1,1.6
"95","5f85bcf590d55507057cf6c7",20,"Male","Heterosexual","White European","Agnostic","","Urban environment","No","I did not receive a sex education course in primary or secondary school","Bachelors Degree",3,4,2,3,2,3,3,2,3,2,3,3,2,3,3,2,1,2,3,3,2,3,4,2,3,3,3,3,4,3,3,3,2,2,2,3,2,3,2,2,2,3,3,3,2,3,3,2,2,4,2,2,2,1,3,3,1,3,2,1,3,1,3,3,2,1,3,2,1,3,3,3,4,3,2,4,2,3,1,1,2,2,1,3,1,4,4,4,4,4,4,4,1,3,2,1,3,4,3,3,3,4,1,2,1,3,1,4,1,4,3,2.5,3,2.83333333333333,2.5,2.83333333333333,3,1.57142857142857,4,2.66666666666667,2,1,2,1,1,1.6
"96","5dfabfe64c81b280d07e8137",25,"Male","Heterosexual","African","Atheist","","Urban environment","Yes","I did not receive a sex education course in primary or secondary school","Bachelors Degree",4,3,4,3,2,3,3,4,2,3,2,3,1,2,2,3,2,2,2,2,4,2,2,3,2,4,3,3,4,2,3,3,2,2,2,1,2,1,2,2,3,2,3,2,3,3,1,1,3,3,2,4,2,2,2,1,3,1,2,1,1,1,2,1,2,1,2,1,2,2,2,3,4,3,3,3,3,3,2,2,1,1,3,3,2,1,1,2,3,4,2,3,2,2,2,2,2,4,2,3,3,3,2,2,1,3,2,3,1,4,3.4,1.66666666666667,2.66666666666667,2.33333333333333,1.83333333333333,2.83333333333333,3.14285714285714,2,2.16666666666667,2.44444444444444,2,2,2,2,1,1.8
"97","62d6eab2e7cc8a1247b27d7e",NA,"Non-binary / third gender","Pansexual","White British","Atheist","","Suburban environment","No","Abstinence focused sex education","High School Diploma / A-levels",3,3,2,4,3,2,4,3,2,4,4,4,3,3,4,4,4,2,2,3,3,4,4,4,2,2,2,3,3,3,2,3,4,4,4,4,4,2,2,2,2,1,1,1,1,1,2,3,2,1,3,1,2,2,2,2,3,1,2,1,1,1,2,1,2,1,2,1,2,2,2,4,4,4,4,4,4,2,2,2,1,1,1,2,1,3,4,4,4,4,4,4,4,4,4,4,4,4,4,4,4,4,2,1,1,4,2,4,1,4,2.8,2.5,1.83333333333333,1.83333333333333,3.16666666666667,2.66666666666667,3.71428571428571,1.42857142857143,3.83333333333333,4,1,1,1,1,1,1.5
"98","5f0adb4c958a653bd5d0eeb7",21,"Male","Heterosexual","White British","Atheist","","Suburban environment","No","Comprehensive sex education","GCSE",3,3,4,3,1,4,2,3,3,3,2,3,3,2,3,2,1,3,3,3,4,4,3,2,3,4,1,2,3,3,3,4,2,2,3,2,1,2,3,1,3,3,3,2,2,3,1,1,2,4,4,3,2,2,2,1,1,1,2,1,3,1,2,3,3,1,2,1,2,3,2,2,3,2,2,2,2,2,3,2,3,2,3,2,2,2,3,4,4,3,2,2,2,2,3,2,3,2,3,2,2,3,3,3,3,2,3,3,2,2,3.4,2.5,3,2.66666666666667,1.66666666666667,3.66666666666667,2.14285714285714,2.42857142857143,3,2.33333333333333,3,2,3,2,3,2.8
"99","637f89cac9f64b93b78ff2a2",NA,"Female","Heterosexual","White British","Atheist","","Suburban environment","No","Comprehensive sex education","Vocational / Trade School (NVQ)",4,4,3,3,4,1,4,3,3,3,4,3,3,3,4,3,2,2,3,4,2,3,4,2,3,2,2,3,4,3,2,4,3,3,3,3,2,2,2,1,2,3,2,2,1,2,3,3,2,3,3,2,2,2,2,1,1,3,2,1,1,1,3,1,2,1,2,3,2,2,3,4,4,4,4,4,4,4,3,3,2,2,3,4,2,4,4,4,4,4,4,3,3,3,4,3,4,4,4,3,3,4,2,3,2,4,2,4,1,4,3,2.33333333333333,2.83333333333333,2.5,3,3,4,2.71428571428571,4,3.44444444444444,2,1,1,1,1,1.9
"100","62a12aee913c1c1a20613418",25,"Male","Bisexual","White British","Atheist","","Rural environment","No","Comprehensive sex education","High School Diploma / A-levels",2,3,3,2,2,3,4,3,3,3,4,4,2,2,3,4,2,2,3,3,2,3,3,3,2,2,1,3,4,3,2,3,3,3,3,3,1,2,2,2,3,2,2,2,2,2,3,3,2,3,4,2,2,2,2,1,1,1,2,1,1,1,2,1,2,1,2,3,2,3,2,3,3,3,3,3,3,3,2,1,1,2,3,3,2,3,4,3,4,4,3,3,2,3,3,2,3,4,3,3,4,4,3,2,2,4,1,4,1,4,2.6,2.16666666666667,2.83333333333333,2.33333333333333,3.16666666666667,3.16666666666667,3,2,3.5,2.88888888888889,1,1,1,1,1,1.7
"101","60a047bd9244cf64dc2283a8",22,"Female","Bisexual","White British","Other","Non religious","Suburban environment","No","Abstinence focused sex education","Masters Degree",3,3,3,2,3,2,3,2,4,1,3,3,4,2,1,1,1,3,2,4,2,4,3,1,4,2,4,1,3,4,NA,4,3,3,2,3,2,3,4,1,3,4,2,4,4,2,3,3,1,4,1,2,2,2,2,1,3,3,2,1,1,1,2,1,2,1,2,3,2,3,2,3,4,3,2,4,2,3,1,1,1,1,1,1,1,4,4,4,4,4,4,4,4,4,3,3,1,4,4,4,4,4,1,1,2,4,1,3,1,4,2.6,3,3,3.66666666666667,2.33333333333333,3,3,1,4,3.44444444444444,1,1,1,2,1,1.3
"102","5f77480675b83a250b3e8c36",24,"Non-binary / third gender","Bisexual","White British","Agnostic","","Suburban environment","Yes","Comprehensive sex education","GCSE",3,4,3,4,3,2,2,4,3,3,4,4,4,3,4,4,1,3,4,3,1,4,1,4,3,4,1,1,3,4,1,4,4,2,4,3,1,1,4,1,2,1,1,2,1,3,4,1,1,4,4,2,2,2,3,1,3,1,2,1,3,1,2,1,3,1,3,1,3,2,3,4,4,4,4,4,4,4,1,2,2,1,3,2,3,1,3,4,4,4,4,4,1,3,1,1,4,4,2,4,4,2,1,4,2,1,4,2,2,4,3.2,2.33333333333333,2.33333333333333,2.66666666666667,2.83333333333333,3.66666666666667,4,2,3.33333333333333,2.66666666666667,1,3,4,3,1,2.4
"103","5f4d2c43f2fbb00f8bdf8de9",19,"Female","Heterosexual","White British","Agnostic","","Urban environment","No","Comprehensive sex education","High School Diploma / A-levels",3,4,4,3,1,4,3,4,4,2,3,4,2,1,2,3,1,2,2,4,3,4,2,1,3,3,1,2,4,4,4,4,3,1,1,1,1,1,3,1,4,4,2,3,3,4,2,2,1,4,4,4,2,2,2,1,1,3,2,1,1,1,2,1,2,1,2,3,2,2,2,4,4,4,4,4,4,4,2,3,1,2,3,3,3,4,4,4,4,4,4,4,2,1,2,1,1,2,1,2,1,3,3,3,3,3,2,3,1,4,3.6,1.83333333333333,3.33333333333333,3.5,2,4,4,2.42857142857143,4,1.77777777777778,4,2,2,2,1,2.4
"104","5ea92b1506b31a000c9f5248",25,"Male","Heterosexual","White British","Atheist","","Rural environment","No","Comprehensive sex education","High School Diploma / A-levels",4,3,3,4,1,4,2,4,3,2,4,2,1,2,3,3,2,2,3,3,2,3,2,1,3,1,2,4,3,3,1,3,2,2,2,3,2,1,1,2,3,4,3,3,2,3,3,4,2,3,3,2,3,3,2,1,3,3,2,1,3,3,2,3,2,1,1,3,2,2,3,3,4,4,3,4,4,3,2,1,1,1,2,3,1,4,4,3,4,4,4,4,2,1,1,1,1,4,1,3,3,4,2,2,3,2,2,3,1,3,3.6,1.5,3.16666666666667,2.83333333333333,3.16666666666667,2.66666666666667,3.57142857142857,1.57142857142857,3.83333333333333,2,2,1,3,2,2,2.1
"105","62ffd49ee3223ff9d5b3bbee",24,"Male","Heterosexual","African","Islamic","","Suburban environment","No","I did not receive a sex education course in primary or secondary school","Bachelors Degree",3,3,3,3,2,3,2,3,3,3,4,2,2,2,3,3,3,2,3,2,3,3,3,3,3,3,4,3,3,3,3,3,2,3,3,4,2,2,2,2,3,2,3,2,2,2,2,2,2,2,1,1,2,2,1,1,3,3,2,1,2,1,1,1,2,1,3,3,2,2,3,4,4,4,4,4,4,4,3,2,2,1,3,3,3,2,2,2,2,2,2,2,2,2,2,2,2,2,2,2,2,3,3,2,4,3,3,3,2,3,3,2.16666666666667,2.83333333333333,2.33333333333333,2.83333333333333,2,4,2.42857142857143,2,2,3,2,2,2,2,2.6
"106","60c63ed298533a0789cac4f1",NA,"Female","Heterosexual","White British","Atheist","","Rural environment","No","Abstinence focused sex education","High School Diploma / A-levels",3,3,2,3,2,3,3,3,3,2,4,3,3,2,2,3,2,3,3,4,3,3,3,2,3,2,4,2,3,3,3,3,2,3,2,3,4,2,3,2,3,3,3,3,3,2,2,3,2,3,1,2,3,2,2,1,1,2,2,1,1,3,2,1,2,1,2,2,2,1,1,3,3,3,2,4,2,3,3,1,2,2,2,2,2,2,3,4,3,4,3,3,3,3,3,3,4,4,4,3,4,3,2,2,1,4,1,3,1,4,2.8,2.66666666666667,3,3,2.83333333333333,2.5,2.85714285714286,2,3.16666666666667,3.33333333333333,1,2,1,2,1,1.5
"107","59f604fc9618dc0001d33ccd",23,"Male","Homosexual","White British","Atheist","","Suburban environment","Yes","Abstinence focused sex education","Masters Degree",4,3,3,3,4,1,4,3,4,3,3,3,2,2,2,3,3,2,3,3,3,NA,NA,NA,NA,NA,NA,NA,3,3,3,NA,2,3,3,3,3,2,NA,NA,3,NA,3,2,3,2,2,NA,2,2,NA,2,2,2,1,1,1,1,2,1,1,1,2,3,2,1,1,1,2,2,2,2,3,2,2,3,2,2,1,1,1,1,1,1,1,2,2,2,2,1,1,4,4,4,4,4,4,4,4,4,4,4,1,1,3,4,1,4,1,4,2.8,2,3.2,2.6,2.6,2.33333333333333,2.28571428571429,1,1.66666666666667,4,1,1,1,1,1,1.5
"108","636563357c0b1d5ce3758616",19,"Male","Heterosexual","White British","Christian","","Urban environment","No","Comprehensive sex education","High School Diploma / A-levels",4,4,3,3,2,3,4,2,3,3,3,3,4,2,3,2,2,4,2,4,4,4,4,2,2,4,2,2,4,4,4,4,1,2,2,3,3,3,3,1,3,3,4,2,2,3,1,1,1,3,3,2,2,2,2,1,3,1,1,3,3,1,2,1,2,1,3,3,2,2,3,2,3,3,2,3,3,3,1,3,1,2,3,3,2,3,3,4,3,3,3,3,2,4,4,4,4,2,4,3,3,4,2,3,2,4,1,4,1,4,3.4,3.16666666666667,3.16666666666667,2.83333333333333,1.83333333333333,3.16666666666667,2.71428571428571,2.14285714285714,3.16666666666667,3.33333333333333,2,1,1,1,1,1.8
"109","P124",24,"Female","Bisexual","Any other Ethnic Group","Islamic","","Suburban environment","Yes","Comprehensive sex education","Masters Degree",3,3,3,3,3,2,3,2,3,3,4,3,2,3,3,3,2,3,3,3,2,3,3,2,2,2,2,3,3,3,3,2,2,2,3,2,2,3,2,3,2,3,3,2,2,2,3,3,2,3,3,3,3,2,2,1,1,3,2,1,1,1,2,1,2,1,3,3,2,2,2,2,3,3,3,3,3,2,2,1,1,2,1,2,1,4,4,3,3,4,4,3,3,3,3,2,3,4,3,3,3,4,2,2,2,3,1,3,1,4,2.8,2.66666666666667,2.83333333333333,2.33333333333333,2.83333333333333,2.83333333333333,2.71428571428571,1.42857142857143,3.66666666666667,3,2,1,2,2,1,1.7
"110","P144",26,"Female","Heterosexual","Any other Mixed background","Islamic","","Suburban environment","Yes","Abstinence focused sex education","Masters Degree",3,3,3,3,2,3,3,2,3,2,3,3,3,2,3,2,2,3,3,3,3,3,3,3,3,3,3,3,4,4,3,3,2,1,2,3,2,3,2,3,3,2,4,3,2,3,2,2,2,3,2,3,2,2,2,1,3,1,2,1,3,1,1,2,2,1,3,1,2,2,2,2,3,2,2,4,2,2,1,1,1,1,1,1,1,4,4,4,4,4,4,4,3,3,4,3,3,3,3,4,3,3,2,2,1,3,2,3,2,3,3,2.83333333333333,3.16666666666667,3,2.33333333333333,2.83333333333333,2.42857142857143,1,4,3.33333333333333,2,2,2,2,2,2
"111","P122",23,"Female","Heterosexual","White British","Catholic","","Urban environment","No","I did not receive a sex education course in primary or secondary school","Bachelors Degree",3,2,3,4,2,3,3,2,3,3,4,3,3,3,2,3,4,3,3,3,3,3,3,2,2,2,1,2,3,4,3,2,4,2,3,2,3,3,3,1,2,3,3,2,3,2,2,3,2,1,4,2,1,2,2,1,1,1,2,1,1,1,2,1,2,1,3,1,2,3,2,3,3,3,3,3,3,3,1,1,1,2,1,1,1,4,4,4,4,4,4,4,3,3,2,3,1,4,3,3,4,4,2,1,3,3,2,3,1,3,3,2.66666666666667,2.83333333333333,2.66666666666667,2.66666666666667,2.5,3,1.14285714285714,4,2.88888888888889,1,1,2,2,2,1.8
"112","MSH1",21,"Male","Homosexual","White and Black African","Catholic","","Urban environment","No","Comprehensive sex education","High School Diploma / A-levels",3,3,3,2,3,2,2,2,2,3,2,3,4,2,3,4,2,3,2,3,4,3,2,4,4,2,3,2,4,3,3,4,3,2,2,3,2,3,3,2,3,1,3,2,2,3,1,3,2,3,2,3,1,3,1,1,1,2,1,2,2,2,2,1,1,2,2,1,2,2,1,2,2,3,2,3,2,3,3,3,3,3,2,2,3,2,3,3,3,2,2,3,2,3,3,4,2,3,1,2,2,3,2,3,2,3,2,3,2,3,2.6,2.83333333333333,2.5,2.83333333333333,2.5,3,2.42857142857143,2.71428571428571,2.5,2.55555555555556,3,2,2,2,2,2.3
"113","P125",26,"Male","Heterosexual","White British","Atheist","","Suburban environment","No","Comprehensive sex education","Bachelors Degree",4,3,4,4,2,3,3,3,4,2,3,3,2,2,3,2,4,2,2,4,4,3,2,2,2,4,3,3,4,4,3,4,3,3,1,1,2,2,2,2,3,3,2,3,2,4,1,1,2,1,2,3,2,2,2,1,1,2,2,2,1,1,2,1,2,1,1,2,2,2,2,3,3,3,2,3,3,2,1,1,1,1,3,3,2,3,4,2,4,3,4,3,2,3,3,2,3,4,3,3,3,4,3,3,2,3,2,4,1,4,3.6,2,3,3.16666666666667,1.66666666666667,2.66666666666667,2.71428571428571,1.71428571428571,3.33333333333333,2.88888888888889,2,1,2,1,1,2.1
"114","P120",NA,"Female","Bisexual","Any other Mixed background","Atheist","","Rural environment","No","Comprehensive sex education","Bachelors Degree",3,3,2,2,3,2,3,2,2,3,3,4,3,3,4,3,3,3,2,3,2,3,3,3,2,2,3,2,3,3,2,3,3,3,3,3,2,3,3,2,2,2,2,2,1,2,3,3,3,2,2,3,2,2,2,2,1,1,2,1,1,1,2,1,2,1,2,2,2,2,1,3,3,3,3,3,3,3,2,2,1,2,2,3,2,2,3,3,3,3,2,4,3,3,3,4,4,4,4,4,4,4,2,2,2,3,2,4,1,4,2.4,2.83333333333333,2.16666666666667,2.16666666666667,3,2.83333333333333,3,2,2.66666666666667,3.66666666666667,1,1,2,1,1,1.8
"115","P129",24,"Male","Heterosexual","White British","Catholic","","Urban environment","Yes","Abstinence focused sex education","Bachelors Degree",2,4,4,3,2,3,4,1,3,2,3,4,1,3,4,3,2,3,4,4,3,3,1,3,2,2,3,4,1,2,4,2,2,4,4,1,3,4,1,3,2,2,1,3,1,1,2,3,1,3,2,2,2,1,2,1,1,3,2,1,1,3,1,1,3,1,2,1,2,2,2,3,4,2,4,3,4,1,3,1,1,2,1,3,3,3,1,2,4,2,3,1,2,4,1,1,3,4,2,3,3,4,2,3,3,1,2,3,4,3,3.2,2.16666666666667,2.16666666666667,2.16666666666667,2.16666666666667,2.66666666666667,3,2,2.5,2.33333333333333,2,1,4,2,2,2.6
"116","P128",23,"Female","Homosexual","White British","Atheist","","Urban environment","No","Comprehensive sex education","Bachelors Degree",2,3,3,1,2,3,3,1,3,2,4,1,2,3,4,2,3,3,3,2,4,1,3,2,3,4,4,1,2,2,3,4,1,3,4,2,3,4,4,4,2,3,2,3,1,1,1,1,2,2,1,2,2,3,2,1,1,1,2,1,3,1,1,1,2,1,1,3,2,1,2,3,3,1,3,4,3,1,3,4,4,2,1,2,4,2,3,NA,1,2,4,3,4,1,3,3,1,4,4,3,2,4,2,3,4,2,2,3,1,4,2.4,3.33333333333333,2.5,2,2,1.83333333333333,2.57142857142857,2.85714285714286,2.4,2.88888888888889,3,1,3,2,1,2.3
"117","P121",NA,"Female","Heterosexual","White British","Agnostic","","Suburban environment","No","Comprehensive sex education","Masters Degree",3,3,3,3,3,2,4,2,3,3,2,3,3,2,2,1,2,4,4,4,4,3,3,2,3,4,3,2,4,3,4,3,1,2,1,1,2,3,3,4,3,3,3,2,3,4,1,1,1,3,2,3,2,2,2,1,1,3,2,1,1,1,2,1,2,1,2,3,2,2,3,2,2,2,2,2,2,2,2,1,1,1,1,1,1,4,4,4,4,4,4,4,4,3,3,3,3,3,3,3,4,3,2,2,3,3,1,3,1,4,2.8,3.33333333333333,3.33333333333333,3.16666666666667,1.16666666666667,2.83333333333333,2,1.14285714285714,4,3.22222222222222,1,2,2,2,1,1.8
"118","P119",25,"Female","Heterosexual","White and Asian","Agnostic","","Suburban environment","No","Comprehensive sex education","Masters Degree",4,3,3,3,3,2,4,1,4,3,3,3,4,3,3,2,2,3,4,4,3,3,4,1,3,3,3,2,4,3,3,4,1,2,3,3,3,4,3,4,2,4,3,2,2,2,2,2,2,3,2,2,2,2,2,1,1,2,2,1,1,1,2,1,2,1,2,3,2,2,2,2,3,3,3,2,3,3,2,2,1,1,1,3,2,4,3,3,4,3,3,3,2,3,3,2,2,4,4,4,3,4,3,4,4,2,3,4,1,4,3,3.66666666666667,3.5,2.66666666666667,2.33333333333333,2.83333333333333,2.71428571428571,1.71428571428571,3.33333333333333,3,2,1,3,1,1,2.6
"119","P123",NA,"Male","Heterosexual","Indian","Hindu","","Urban environment","Yes","Comprehensive sex education","Masters Degree",3,3,3,3,1,4,3,2,4,1,2,4,1,2,2,1,1,3,3,3,3,4,4,1,4,3,1,2,4,4,4,4,1,2,1,3,1,3,3,4,3,4,3,4,3,4,2,2,1,4,4,4,2,2,2,1,3,2,2,1,2,1,2,3,2,1,2,3,3,1,3,2,3,2,2,3,1,1,2,1,1,1,1,1,1,3,3,3,4,4,4,3,3,3,4,3,4,4,4,3,3,3,2,1,1,3,2,2,1,4,3.2,3,3.5,3.66666666666667,1.83333333333333,4,2,1.14285714285714,3.5,3.44444444444444,2,2,2,3,1,1.6
"120","P148",25,"Female","Heterosexual","Bangladeshi","Islamic","","Urban environment","No","Comprehensive sex education","Doctorate Degree",3,3,3,2,3,2,3,1,3,1,4,3,4,3,2,1,1,4,2,4,3,4,4,3,4,3,2,1,3,4,4,4,1,3,2,1,1,4,4,4,2,2,2,4,3,3,2,2,1,4,3,4,2,2,2,1,1,1,2,1,1,1,2,1,2,1,1,3,2,2,3,3,4,3,3,4,4,2,2,1,1,1,1,1,1,4,4,4,4,4,4,4,4,4,3,4,2,3,4,4,3,4,2,1,2,4,2,4,1,4,2.6,4,2.33333333333333,3.66666666666667,1.83333333333333,3.66666666666667,3.28571428571429,1.14285714285714,4,3.55555555555556,2,1,1,1,1,1.7
"121","P127",NA,"Male","Heterosexual","White British","Christian","","Urban environment","No","Comprehensive sex education","Bachelors Degree",1,2,3,1,2,3,3,1,3,2,4,1,2,3,3,3,1,3,4,2,4,3,1,3,4,1,2,3,3,1,3,4,3,1,2,3,2,4,2,2,2,2,4,3,2,3,1,4,2,4,3,3,2,2,2,2,1,1,2,1,3,1,2,1,2,1,1,2,2,1,2,2,1,4,1,2,3,4,1,2,4,3,1,1,3,1,3,3,2,3,4,2,3,2,3,2,1,3,4,2,1,3,2,1,3,4,2,4,3,1,2,2.33333333333333,3,2.5,2.83333333333333,3,2.42857142857143,2.14285714285714,2.66666666666667,2.44444444444444,4,2,1,1,4,2.6
"122","P147",21,"Male","Heterosexual","White British","Atheist","","Suburban environment","Yes","Comprehensive sex education","High School Diploma / A-levels",4,3,4,3,2,3,3,3,3,2,2,2,3,1,3,1,3,4,3,3,4,3,3,2,3,3,3,2,4,3,3,3,1,2,2,1,2,2,3,4,4,3,3,3,2,3,1,2,2,2,2,3,3,2,2,1,3,2,2,1,3,1,2,1,2,1,1,3,2,2,3,2,3,3,1,2,1,2,2,1,2,2,2,1,1,3,4,4,4,4,3,4,3,4,3,3,4,4,3,4,4,4,2,2,2,4,1,4,1,4,3.4,3.16666666666667,3.33333333333333,2.83333333333333,1.5,2.5,2,1.57142857142857,3.66666666666667,3.55555555555556,1,1,1,1,1,1.6
"123","P130",24,"Female","Heterosexual","White British","Agnostic","","Suburban environment","No","Abstinence focused sex education","Bachelors Degree",4,3,3,3,3,2,4,2,3,3,4,3,2,2,2,2,2,3,3,3,3,3,3,2,2,2,3,3,3,3,3,3,3,3,3,2,2,3,2,2,3,3,2,2,3,2,2,3,2,3,2,3,2,2,2,1,3,1,2,1,1,1,2,1,2,1,1,3,2,2,2,3,4,4,4,4,4,4,1,1,1,2,1,3,1,4,4,4,4,4,4,4,3,4,1,3,1,3,4,3,3,4,2,2,3,3,2,3,1,3,3,2.5,2.83333333333333,2.5,2.5,2.83333333333333,3.85714285714286,1.42857142857143,4,2.88888888888889,2,1,2,2,2,2
"124","P146",22,"Non-binary / third gender","Bisexual","Any other Asian background","Hindu","","Suburban environment","No","Comprehensive sex education","Masters Degree",2,3,3,3,2,3,3,2,3,2,4,4,3,1,2,2,2,2,3,4,4,3,3,2,1,2,1,3,4,3,3,3,3,1,2,3,1,3,2,2,4,3,4,3,3,3,1,3,2,3,4,4,2,2,2,1,1,1,2,1,1,1,2,3,1,1,1,3,2,3,3,2,3,2,2,3,2,2,1,1,1,1,3,3,1,4,4,3,4,4,4,4,3,4,3,3,3,4,4,4,4,4,2,2,2,4,2,4,1,4,2.8,2.5,3.5,2.83333333333333,2.5,3.5,2.28571428571429,1.57142857142857,3.83333333333333,3.55555555555556,1,1,1,1,1,1.7
"125","P145",25,"Female","Heterosexual","Indian","Hindu","","Urban environment","Yes","Abstinence focused sex education","Masters Degree",3,3,4,2,3,2,4,2,3,2,3,3,3,2,3,3,2,3,3,4,4,2,3,2,3,4,3,2,4,3,3,4,3,2,3,1,2,3,3,2,3,3,3,3,2,2,1,1,2,3,2,3,1,2,2,1,2,3,2,1,1,3,2,1,3,1,1,3,2,2,2,1,3,3,2,3,2,2,1,1,1,2,1,4,2,3,4,3,4,3,4,3,2,3,3,2,3,4,3,3,3,3,3,2,1,3,2,3,1,4,2.8,2.83333333333333,3.16666666666667,2.83333333333333,1.83333333333333,2.83333333333333,2.28571428571429,1.71428571428571,3.5,2.88888888888889,2,2,2,2,1,1.9
